SOLUSDT,DEMO,SELL,86.27,1779135503,15.03,0.1741958,Stop loss -1.95%
SOLUSDT,DEMO,BUY,84.61,1779135513,15.0,0.17728401,Trend buy rsi=51.5 ema20>ema50
ETHUSDT,DEMO,SELL,2192.27,1779135533,15.23,0.00694734,Profit target +3.17%
ETHUSDT,DEMO,BUY,2215.99,1779135553,15.0,0.00676898,Trend buy rsi=49.9 ema20>ema50
SOLUSDT,DEMO,SELL,87.67,1779135573,15.54,0.17728401,Profit target +7.33%
SOLUSDT,DEMO,BUY,86.24,1779135593,15.0,0.17393321,Trend buy rsi=54.1 ema20>ema50
ETHUSDT,DEMO,SELL,2221.33,1779135613,15.04,0.00676898,Stop loss -1.74%
ETHUSDT,DEMO,BUY,2186.97,1779135623,15.0,0.0068588,Trend buy rsi=49.4 ema20>ema50
SOLUSDT,DEMO,SELL,84.61,1779135654,14.72,0.17393321,Profit target +5.16%
SOLUSDT,DEMO,BUY,87.5,1779135664,15.0,0.17142857,Trend buy rsi=60.7 ema20>ema50
ETHUSDT,DEMO,SELL,2241.64,1779135694,15.37,0.0068588,Stop loss -0.81%
SOLUSDT,DEMO,SELL,86.24,1779135724,14.78,0.17142857,Stop loss -6.18%
BTCUSDT,DEMO,BUY,77901.52,1779135734,10.0,0.00012837,Manual BUY
SOLUSDT,DEMO,BUY,84.48,1779135734,15.0,0.17755682,Trend buy rsi=56.4 ema20>ema50
ETHUSDT,DEMO,BUY,2170.11,1779135767,7.1,0.00327172,AUTO ALL-IN ENTRY
SOLUSDT,DEMO,SELL,85.95,1779135794,15.26,0.17755682,Stop loss -4.36%
SOLUSDT,DEMO,BUY,84.81,1779135814,15.0,0.17686594,Trend buy rsi=46.8 ema20>ema50
ETHUSDT,DEMO,SELL,2206.84,1779135827,7.22,0.00327172,AUTO TAKE PROFIT +0.8%
SOLUSDT,DEMO,SELL,84.52,1779135884,14.95,0.17686594,Stop loss -2.41%
ETHUSDT,DEMO,BUY,2231.16,1779135887,7.22,0.00323598,AUTO ALL-IN ENTRY
SOLUSDT,DEMO,SELL,86.46,1779135887,15.35,0.17755682,AUTO TAKE PROFIT +0.8%
ETHUSDT,DEMO,BUY,2160.08,1779135904,15.0,0.00694419,Trend buy rsi=55.8 ema20>ema50
ETHUSDT,DEMO,SELL,2192.25,1779135948,7.09,0.00323598,AUTO STOP LOSS -0.6%
SOLUSDT,DEMO,BUY,86.19,1779135948,22.44,0.26035503,AUTO ALL-IN ENTRY
ETHUSDT,DEMO,SELL,2162.79,1779135960,15.02,0.00694419,AUTO TAKE PROFIT +0.8%
SOLUSDT,DEMO,BUY,86.68,1779135960,22.33,0.25761421,AUTO ALL-IN ENTRY
ETHUSDT,DEMO,SELL,2232.57,1779135964,15.5,0.00694419,Profit target +4.82%
ETHUSDT,DEMO,BUY,2176.01,1779135994,15.0,0.00689335,Trend buy rsi=56.8 ema20>ema50
BTCUSDT,DEMO,BUY,76893.84,1779136054,7.81,0.00010157,Manual BUY
ETHUSDT,DEMO,SELL,2168.19,1779136054,14.95,0.00689335,Profit target +8.82%
ETHUSDT,DEMO,BUY,2243.91,1779136064,14.95,0.00666248,Trend buy rsi=52.1 ema20>ema50
SOLUSDT,DEMO,SELL,85.44,1779136080,22.01,0.25761421,AUTO STOP LOSS -0.6%
ETHUSDT,DEMO,SELL,2179.42,1779136124,14.52,0.00666248,Stop loss -1.34%
SOLUSDT,DEMO,BUY,86.2,1779136124,14.52,0.16844548,Trend buy rsi=53.1 ema20>ema50
ETHUSDT,DEMO,BUY,2175.23,1779136140,22.01,0.01011847,AUTO ALL-IN ENTRY
SOLUSDT,DEMO,SELL,85.12,1779136184,14.34,0.16844548,Stop loss -1.98%
SOLUSDT,DEMO,SELL,86.86,1779136188,22.61,0.26035503,AUTO STOP LOSS -0.6%
SOLUSDT,DEMO,BUY,87.51,1779136194,14.34,0.16386699,Trend buy rsi=53.6 ema20>ema50
ETHUSDT,DEMO,SELL,2231.97,1779136200,22.58,0.01011847,AUTO TAKE PROFIT +0.8%
SOLUSDT,DEMO,BUY,87.19,1779136200,22.58,0.25897465,AUTO ALL-IN ENTRY
ETHUSDT,DEMO,BUY,2159.55,1779136248,22.61,0.01046977,AUTO ALL-IN ENTRY
SOLUSDT,DEMO,SELL,87.39,1779136255,14.32,0.16386699,Stop loss -4.86%
SOLUSDT,DEMO,SELL,86.63,1779136260,22.43,0.25897465,AUTO STOP LOSS -0.6%
ETHUSDT,DEMO,BUY,2213.28,1779136265,14.32,0.00647004,Trend buy rsi=54.1 ema20>ema50
ETHUSDT,DEMO,BUY,2184.88,1779136320,22.43,0.01026601,AUTO ALL-IN ENTRY
ETHUSDT,DEMO,SELL,2189.38,1779136335,14.17,0.00647004,Stop loss -6.10%
SOLUSDT,DEMO,BUY,85.47,1779136335,14.17,0.16578917,Trend buy rsi=49.1 ema20>ema50
ETHUSDT,DEMO,SELL,2178.29,1779136368,22.81,0.01046977,AUTO TAKE PROFIT +0.8%
SOLUSDT,DEMO,BUY,84.85,1779136368,22.81,0.26882734,AUTO ALL-IN ENTRY
ETHUSDT,DEMO,SELL,2216.75,1779136380,22.76,0.01026601,AUTO STOP LOSS -0.6%
SOLUSDT,DEMO,BUY,85.85,1779136380,22.76,0.26511357,AUTO ALL-IN ENTRY
SOLUSDT,DEMO,SELL,86.09,1779136405,14.27,0.16578917,Stop loss -2.90%
ETHUSDT,DEMO,BUY,2212.3,1779136415,14.27,0.0064503,Trend buy rsi=58.7 ema20>ema50
SOLUSDT,DEMO,SELL,87.01,1779136440,23.07,0.26511357,AUTO TAKE PROFIT +0.8%
ETHUSDT,DEMO,SELL,2228.89,1779136475,14.38,0.0064503,Profit target +19.23%
ETHUSDT,DEMO,BUY,2238.6,1779136485,14.38,0.00642366,Trend buy rsi=51.7 ema20>ema50
ETHUSDT,DEMO,BUY,2179.48,1779136500,23.07,0.01058509,AUTO ALL-IN ENTRY
ETHUSDT,DEMO,SELL,2243.52,1779136520,14.41,0.00642366,AUTO STOP LOSS -0.6%
SOLUSDT,DEMO,BUY,86.55,1779136520,14.41,0.16649336,AUTO ALL-IN ENTRY
ETHUSDT,DEMO,SELL,2162.95,1779136540,13.89,0.00642366,AUTO STOP LOSS -0.3%
SOLUSDT,DEMO,BUY,84.8,1779136540,13.89,0.16379717,AUTO ALL-IN ENTRY
ETHUSDT,DEMO,SELL,2213.85,1779136545,14.22,0.00642366,Profit target +2.23%
SOLUSDT,DEMO,BUY,86.96,1779136545,14.22,0.16352346,Trend buy rsi=52.1 ema20>ema50
SOLUSDT,DEMO,SELL,86.97,1779136548,23.38,0.26882734,AUTO TAKE PROFIT +0.8%
SOLUSDT,DEMO,SELL,86.82,1779136600,14.22,0.16379717,AUTO TAKE PROFIT +0.4%
SOLUSDT,DEMO,SELL,84.69,1779136605,13.85,0.16352346,Stop loss -8.81%
ETHUSDT,DEMO,BUY,2210.77,1779136608,23.38,0.0105755,AUTO ALL-IN ENTRY
ETHUSDT,DEMO,BUY,2203.83,1779136615,13.85,0.00628451,Trend buy rsi=52.8 ema20>ema50
ETHUSDT,DEMO,SELL,2230.81,1779136620,23.61,0.01058509,AUTO TAKE PROFIT +0.8%
SOLUSDT,DEMO,BUY,85.11,1779136620,23.61,0.27740571,AUTO ALL-IN ENTRY
ETHUSDT,DEMO,BUY,2190.76,1779136660,14.22,0.0064909,AUTO ALL-IN ENTRY
ETHUSDT,DEMO,SELL,2177.03,1779136668,23.02,0.0105755,AUTO STOP LOSS -0.6%
SOLUSDT,DEMO,BUY,85.85,1779136668,23.02,0.26814211,AUTO ALL-IN ENTRY
ETHUSDT,DEMO,SELL,2225.42,1779136675,13.99,0.00628451,Stop loss -1.77%
SOLUSDT,DEMO,BUY,87.62,1779136675,13.99,0.15966674,Trend buy rsi=52.0 ema20>ema50
SOLUSDT,DEMO,SELL,87.19,1779136680,24.19,0.27740571,AUTO TAKE PROFIT +0.8%
SOLUSDT,DEMO,SELL,85.25,1779136700,14.19,0.16649336,AUTO STOP LOSS -0.6%
ETHUSDT,DEMO,SELL,2211.2,1779136720,14.35,0.0064909,AUTO TAKE PROFIT +0.4%
SOLUSDT,DEMO,BUY,85.75,1779136720,14.35,0.16734694,AUTO ALL-IN ENTRY
SOLUSDT,DEMO,SELL,86.65,1779136728,23.23,0.26814211,AUTO TAKE PROFIT +0.8%
SOLUSDT,DEMO,SELL,84.38,1779136735,13.47,0.15966674,Profit target +3.24%
ETHUSDT,DEMO,BUY,2225.34,1779136740,24.19,0.01087025,AUTO ALL-IN ENTRY
ETHUSDT,DEMO,BUY,2224.47,1779136760,14.19,0.00637905,AUTO ALL-IN ENTRY
SOLUSDT,DEMO,BUY,85.64,1779136765,13.47,0.15728631,Trend buy rsi=50.7 ema20>ema50
SOLUSDT,DEMO,SELL,86.68,1779136780,14.51,0.16734694,AUTO TAKE PROFIT +0.4%
ETHUSDT,DEMO,BUY,2209.15,1779136788,23.23,0.01051536,AUTO ALL-IN ENTRY
ETHUSDT,DEMO,SELL,2222.73,1779136820,14.18,0.00637905,AUTO STOP LOSS -0.6%
SOLUSDT,DEMO,BUY,85.71,1779136820,14.18,0.16544161,AUTO ALL-IN ENTRY
SOLUSDT,DEMO,SELL,86.69,1779136826,13.64,0.15728631,Profit target +5.27%
ETHUSDT,DEMO,BUY,2185.02,1779136836,13.64,0.00624251,Trend buy rsi=58.0 ema20>ema50
ETHUSDT,DEMO,BUY,2175.84,1779136840,14.51,0.00666869,AUTO ALL-IN ENTRY
ETHUSDT,DEMO,SELL,2194.06,1779136848,23.07,0.01051536,AUTO STOP LOSS -0.6%
SOLUSDT,DEMO,BUY,85.0,1779136848,23.07,0.27141176,AUTO ALL-IN ENTRY
ETHUSDT,DEMO,SELL,2211.58,1779136860,24.04,0.01087025,AUTO STOP LOSS -0.6%
SOLUSDT,DEMO,BUY,86.6,1779136860,24.04,0.27759815,AUTO ALL-IN ENTRY
SOLUSDT,DEMO,SELL,86.6,1779136880,14.33,0.16544161,AUTO TAKE PROFIT +0.8%
ETHUSDT,DEMO,SELL,2162.04,1779136896,13.5,0.00624251,Profit target +0.96%
SOLUSDT,DEMO,BUY,86.77,1779136896,13.5,0.15558373,Trend buy rsi=61.7 ema20>ema50
ETHUSDT,DEMO,SELL,2160.37,1779136900,14.41,0.00666869,AUTO TAKE PROFIT +0.4%
SOLUSDT,DEMO,BUY,87.15,1779136900,14.41,0.1653471,AUTO ALL-IN ENTRY
SOLUSDT,DEMO,SELL,86.61,1779136908,23.51,0.27141176,AUTO TAKE PROFIT +0.8%
ETHUSDT,DEMO,BUY,2239.94,1779136940,14.33,0.00639749,AUTO ALL-IN ENTRY
SOLUSDT,DEMO,SELL,86.1,1779136956,13.4,0.15558373,Stop loss -7.05%
SOLUSDT,DEMO,BUY,86.7,1779136966,13.4,0.15455594,Trend buy rsi=55.5 ema20>ema50
ETHUSDT,DEMO,BUY,2194.93,1779136968,23.51,0.01071105,AUTO ALL-IN ENTRY
SOLUSDT,DEMO,SELL,87.62,1779136980,24.32,0.27759815,AUTO TAKE PROFIT +0.8%
ETHUSDT,DEMO,SELL,2211.07,1779137000,14.15,0.00639749,AUTO STOP LOSS -0.6%
SOLUSDT,DEMO,BUY,86.91,1779137000,14.15,0.1628121,AUTO ALL-IN ENTRY
SOLUSDT,DEMO,SELL,86.93,1779137020,14.37,0.1653471,AUTO STOP LOSS -0.3%
SOLUSDT,DEMO,SELL,87.16,1779137026,13.47,0.15455594,Stop loss -3.90%
ETHUSDT,DEMO,SELL,2201.28,1779137028,23.58,0.01071105,AUTO TAKE PROFIT +0.8%
SOLUSDT,DEMO,BUY,85.82,1779137028,23.58,0.27476113,AUTO ALL-IN ENTRY
ETHUSDT,DEMO,BUY,2171.61,1779137040,24.32,0.01119906,AUTO ALL-IN ENTRY
ETHUSDT,DEMO,BUY,2164.13,1779137046,13.47,0.00622421,Trend buy rsi=46.0 ema20>ema50
SOLUSDT,DEMO,SELL,86.03,1779137061,14.01,0.1628121,AUTO STOP LOSS -0.6%
ETHUSDT,DEMO,BUY,2191.43,1779137081,14.37,0.00655736,AUTO ALL-IN ENTRY
SOLUSDT,DEMO,SELL,85.24,1779137088,23.42,0.27476113,AUTO STOP LOSS -0.6%
ETHUSDT,DEMO,SELL,2186.07,1779137100,24.48,0.01119906,AUTO TAKE PROFIT +0.8%
SOLUSDT,DEMO,BUY,84.37,1779137100,24.48,0.29015053,AUTO ALL-IN ENTRY
ETHUSDT,DEMO,SELL,2222.76,1779137106,13.83,0.00622421,Stop loss -7.88%
SOLUSDT,DEMO,BUY,86.03,1779137106,13.83,0.16075788,Trend buy rsi=52.3 ema20>ema50
ETHUSDT,DEMO,BUY,2163.82,1779137121,14.01,0.00647466,AUTO ALL-IN ENTRY
ETHUSDT,DEMO,SELL,2172.64,1779137141,14.25,0.00655736,AUTO TAKE PROFIT +0.4%
SOLUSDT,DEMO,BUY,87.36,1779137141,14.25,0.16311813,AUTO ALL-IN ENTRY
ETHUSDT,DEMO,BUY,2227.99,1779137148,23.42,0.01051172,AUTO ALL-IN ENTRY
SOLUSDT,DEMO,SELL,84.86,1779137166,13.64,0.16075788,Profit target +4.99%
ETHUSDT,DEMO,BUY,2227.24,1779137176,13.64,0.00612417,Trend buy rsi=49.9 ema20>ema50
ETHUSDT,DEMO,SELL,2236.01,1779137181,14.48,0.00647466,AUTO TAKE PROFIT +0.8%
SOLUSDT,DEMO,BUY,86.27,1779137181,14.48,0.16784514,AUTO ALL-IN ENTRY
SOLUSDT,DEMO,SELL,87.48,1779137201,14.27,0.16311813,AUTO STOP LOSS -0.3%
ETHUSDT,DEMO,SELL,2193.02,1779137236,13.43,0.00612417,Profit target +16.54%
SOLUSDT,DEMO,BUY,84.28,1779137236,13.43,0.15934979,Trend buy rsi=54.3 ema20>ema50
SOLUSDT,DEMO,SELL,84.49,1779137241,14.18,0.16784514,AUTO STOP LOSS -0.6%
ETHUSDT,DEMO,BUY,2185.53,1779137261,14.27,0.00652931,AUTO ALL-IN ENTRY
ETHUSDT,DEMO,SELL,2210.96,1779137268,23.24,0.01051172,AUTO STOP LOSS -0.6%
SOLUSDT,DEMO,BUY,87.66,1779137268,23.24,0.26511522,AUTO ALL-IN ENTRY
SOLUSDT,DEMO,SELL,85.09,1779137280,24.69,0.29015053,AUTO TAKE PROFIT +0.8%
SOLUSDT,DEMO,SELL,84.79,1779137296,13.51,0.15934979,Profit target +0.84%
ETHUSDT,DEMO,BUY,2220.47,1779137301,14.18,0.00638604,AUTO ALL-IN ENTRY
ETHUSDT,DEMO,BUY,2225.6,1779137306,13.51,0.00607027,Trend buy rsi=56.8 ema20>ema50
ETHUSDT,DEMO,SELL,2206.38,1779137337,13.39,0.00607027,SMART STOP LOSS -0.35%
ETHUSDT,DEMO,BUY,2174.24,1779137340,24.69,0.01135569,AUTO ALL-IN ENTRY
ETHUSDT,DEMO,SELL,2217.79,1779137376,13.46,0.00607027,Profit target +3.09%
ETHUSDT,DEMO,SELL,2189.79,1779137381,14.3,0.00652931,AUTO TAKE PROFIT +0.4%
SOLUSDT,DEMO,BUY,85.94,1779137381,14.3,0.16639516,AUTO ALL-IN ENTRY
SOLUSDT,DEMO,SELL,87.46,1779137388,23.19,0.26511522,AUTO STOP LOSS -0.6%
SOLUSDT,DEMO,BUY,84.85,1779137397,13.39,0.1578079,SMART AUTO ENTRY
ETHUSDT,DEMO,SELL,2234.92,1779137400,25.38,0.01135569,AUTO STOP LOSS -0.6%
SOLUSDT,DEMO,BUY,85.42,1779137400,25.38,0.29712011,AUTO ALL-IN ENTRY
ETHUSDT,DEMO,BUY,2207.53,1779137437,13.46,0.00609731,Trend buy rsi=50.4 ema20>ema50
SOLUSDT,DEMO,SELL,87.19,1779137441,14.51,0.16639516,AUTO STOP LOSS -0.3%
ETHUSDT,DEMO,BUY,2232.52,1779137448,23.19,0.01038736,AUTO ALL-IN ENTRY
SOLUSDT,DEMO,SELL,84.72,1779137457,13.37,0.1578079,SMART STOP LOSS -0.35%
ETHUSDT,DEMO,SELL,2225.41,1779137481,14.21,0.00638604,AUTO TAKE PROFIT +0.8%
SOLUSDT,DEMO,BUY,85.44,1779137481,14.21,0.16631554,AUTO ALL-IN ENTRY
ETHUSDT,DEMO,BUY,2166.61,1779137501,14.51,0.0066971,AUTO ALL-IN ENTRY
ETHUSDT,DEMO,SELL,2170.37,1779137507,13.23,0.00609731,Stop loss -11.90%
SOLUSDT,DEMO,BUY,86.56,1779137507,13.23,0.15284196,Trend buy rsi=47.9 ema20>ema50
ETHUSDT,DEMO,SELL,2190.15,1779137508,22.75,0.01038736,AUTO STOP LOSS -0.6%
SOLUSDT,DEMO,BUY,86.46,1779137508,22.75,0.26312746,AUTO ALL-IN ENTRY
SOLUSDT,DEMO,SELL,84.48,1779137541,14.05,0.16631554,AUTO TAKE PROFIT +0.8%
ETHUSDT,DEMO,SELL,2234.12,1779137561,14.96,0.0066971,AUTO TAKE PROFIT +0.4%
SOLUSDT,DEMO,BUY,86.11,1779137561,14.96,0.17373127,AUTO ALL-IN ENTRY
SOLUSDT,DEMO,SELL,85.76,1779137567,13.11,0.15284196,Profit target +2.40%
SOLUSDT,DEMO,SELL,86.92,1779137568,22.87,0.26312746,AUTO STOP LOSS -0.6%
ETHUSDT,DEMO,BUY,2185.27,1779137577,13.11,0.00599926,Trend buy rsi=46.6 ema20>ema50
SOLUSDT,DEMO,SELL,86.35,1779137581,25.66,0.29712011,AUTO STOP LOSS -0.6%
ETHUSDT,DEMO,BUY,2170.88,1779137601,14.05,0.00647203,AUTO ALL-IN ENTRY
ETHUSDT,DEMO,BUY,2215.81,1779137628,22.87,0.01032128,AUTO ALL-IN ENTRY
ETHUSDT,DEMO,SELL,2237.89,1779137637,13.43,0.00599926,Stop loss -4.86%
SOLUSDT,DEMO,BUY,84.44,1779137637,13.43,0.15904784,Trend buy rsi=55.6 ema20>ema50
ETHUSDT,DEMO,BUY,2178.96,1779137641,25.66,0.01177626,AUTO ALL-IN ENTRY
ETHUSDT,DEMO,SELL,2201.93,1779137661,14.25,0.00647203,AUTO TAKE PROFIT +0.8%
SOLUSDT,DEMO,BUY,86.27,1779137661,14.25,0.16517909,AUTO ALL-IN ENTRY
SOLUSDT,DEMO,SELL,84.45,1779137681,14.67,0.17373127,AUTO TAKE PROFIT +0.4%
ETHUSDT,DEMO,SELL,2160.01,1779137688,22.29,0.01032128,AUTO STOP LOSS -0.6%
SOLUSDT,DEMO,BUY,84.79,1779137688,22.29,0.26288477,AUTO ALL-IN ENTRY
SOLUSDT,DEMO,SELL,86.99,1779137697,13.84,0.15904784,Profit target +7.61%
SOLUSDT,DEMO,BUY,86.18,1779137727,13.84,0.16059411,Trend buy rsi=56.0 ema20>ema50
ETHUSDT,DEMO,BUY,2208.42,1779137741,14.67,0.00664276,AUTO ALL-IN ENTRY
SOLUSDT,DEMO,SELL,86.11,1779137748,22.64,0.26288477,AUTO TAKE PROFIT +0.8%
SOLUSDT,DEMO,SELL,84.62,1779137781,13.98,0.16517909,AUTO STOP LOSS -0.6%
SOLUSDT,DEMO,SELL,84.86,1779137797,13.63,0.16059411,Stop loss -6.07%
ETHUSDT,DEMO,SELL,2161.83,1779137801,14.36,0.00664276,AUTO STOP LOSS -0.3%
SOLUSDT,DEMO,BUY,85.12,1779137801,14.36,0.16870301,AUTO ALL-IN ENTRY
SOLUSDT,DEMO,BUY,85.25,1779137807,13.63,0.1598827,Trend buy rsi=55.9 ema20>ema50
ETHUSDT,DEMO,BUY,2206.89,1779137808,22.64,0.01025878,AUTO ALL-IN ENTRY
ETHUSDT,DEMO,BUY,2196.93,1779137841,13.98,0.00636343,AUTO ALL-IN ENTRY
SOLUSDT,DEMO,SELL,85.7,1779137861,14.46,0.16870301,AUTO TAKE PROFIT +0.4%
SOLUSDT,DEMO,SELL,84.61,1779137868,13.53,0.1598827,Stop loss -8.63%
ETHUSDT,DEMO,SELL,2240.52,1779137868,22.99,0.01025878,AUTO STOP LOSS -0.6%
SOLUSDT,DEMO,BUY,87.11,1779137868,22.99,0.26391918,AUTO ALL-IN ENTRY
ETHUSDT,DEMO,SELL,2172.71,1779137881,25.59,0.01177626,AUTO STOP LOSS -0.6%
SOLUSDT,DEMO,BUY,85.2,1779137881,25.59,0.30035211,AUTO ALL-IN ENTRY
ETHUSDT,DEMO,BUY,2161.0,1779137888,13.53,0.00626099,Trend buy rsi=65.3 ema20>ema50
ETHUSDT,DEMO,SELL,2209.94,1779137901,14.06,0.00636343,AUTO TAKE PROFIT +0.8%
SOLUSDT,DEMO,BUY,87.72,1779137901,14.06,0.16028272,AUTO ALL-IN ENTRY
ETHUSDT,DEMO,BUY,2234.22,1779137921,14.46,0.00647206,AUTO ALL-IN ENTRY
SOLUSDT,DEMO,SELL,85.24,1779137928,22.5,0.26391918,AUTO STOP LOSS -0.6%
SOLUSDT,DEMO,SELL,86.57,1779137941,26.0,0.30035211,AUTO STOP LOSS -0.6%
ETHUSDT,DEMO,SELL,2159.55,1779137958,13.52,0.00626099,Profit target +8.62%
SOLUSDT,DEMO,BUY,86.11,1779137958,13.52,0.15700848,Trend buy rsi=50.6 ema20>ema50
SOLUSDT,DEMO,SELL,84.94,1779137961,13.61,0.16028272,AUTO STOP LOSS -0.6%
ETHUSDT,DEMO,SELL,2208.43,1779137981,14.29,0.00647206,AUTO STOP LOSS -0.3%
SOLUSDT,DEMO,BUY,86.18,1779137981,14.29,0.16581573,AUTO ALL-IN ENTRY
ETHUSDT,DEMO,BUY,2207.84,1779137988,22.5,0.01019096,AUTO ALL-IN ENTRY
ETHUSDT,DEMO,BUY,2174.58,1779138001,26.0,0.01195633,AUTO ALL-IN ENTRY
SOLUSDT,DEMO,SELL,87.71,1779138018,13.77,0.15700848,Profit target +4.42%
ETHUSDT,DEMO,BUY,2174.21,1779138021,13.61,0.00625974,AUTO ALL-IN ENTRY
ETHUSDT,DEMO,BUY,2165.58,1779138038,13.77,0.00635857,Trend buy rsi=57.5 ema20>ema50
SOLUSDT,DEMO,SELL,86.76,1779138041,14.39,0.16581573,AUTO TAKE PROFIT +0.4%
ETHUSDT,DEMO,SELL,2165.01,1779138061,25.89,0.01195633,AUTO TAKE PROFIT +0.8%
SOLUSDT,DEMO,BUY,86.52,1779138061,25.89,0.29923717,AUTO ALL-IN ENTRY
ETHUSDT,DEMO,SELL,2210.99,1779138081,13.84,0.00625974,AUTO STOP LOSS -0.6%
SOLUSDT,DEMO,BUY,86.77,1779138081,13.84,0.15950213,AUTO ALL-IN ENTRY
ETHUSDT,DEMO,SELL,2183.53,1779138098,13.88,0.00635857,Stop loss -2.11%
SOLUSDT,DEMO,BUY,85.81,1779138098,13.88,0.16175271,Trend buy rsi=49.5 ema20>ema50
ETHUSDT,DEMO,BUY,2196.09,1779138101,14.39,0.00655255,AUTO ALL-IN ENTRY
ETHUSDT,DEMO,SELL,2202.97,1779138108,22.45,0.01019096,AUTO STOP LOSS -0.6%
SOLUSDT,DEMO,BUY,85.39,1779138108,22.45,0.26291135,AUTO ALL-IN ENTRY
SOLUSDT,DEMO,SELL,85.73,1779138121,25.65,0.29923717,AUTO STOP LOSS -0.6%
SOLUSDT,DEMO,SELL,87.22,1779138141,13.91,0.15950213,AUTO STOP LOSS -0.6%
SOLUSDT,DEMO,SELL,85.33,1779138158,13.8,0.16175271,Profit target +2.53%
ETHUSDT,DEMO,SELL,2190.48,1779138161,14.35,0.00655255,AUTO TAKE PROFIT +0.4%
SOLUSDT,DEMO,BUY,85.29,1779138161,14.35,0.1682495,AUTO ALL-IN ENTRY
ETHUSDT,DEMO,BUY,2207.59,1779138168,13.8,0.00625116,Trend buy rsi=52.0 ema20>ema50
SOLUSDT,DEMO,BUY,85.16,1779138178,13.37,0.15699859,SMART AUTO ENTRY
ETHUSDT,DEMO,BUY,2182.18,1779138181,25.65,0.0117543,AUTO ALL-IN ENTRY
ETHUSDT,DEMO,BUY,2217.68,1779138201,13.91,0.00627232,AUTO ALL-IN ENTRY
ETHUSDT,DEMO,SELL,2224.62,1779138228,13.91,0.00625116,Profit target +1.53%
SOLUSDT,DEMO,BUY,84.49,1779138228,13.91,0.16463487,Trend buy rsi=51.8 ema20>ema50
SOLUSDT,DEMO,SELL,85.84,1779138238,13.48,0.15699859,SMART TAKE PROFIT +0.5%
ETHUSDT,DEMO,SELL,2180.93,1779138241,25.64,0.0117543,AUTO TAKE PROFIT +0.8%
SOLUSDT,DEMO,BUY,86.49,1779138241,25.64,0.29645046,AUTO ALL-IN ENTRY
ETHUSDT,DEMO,SELL,2243.76,1779138261,14.07,0.00627232,AUTO STOP LOSS -0.6%
SOLUSDT,DEMO,BUY,86.56,1779138261,14.07,0.16254621,AUTO ALL-IN ENTRY
SOLUSDT,DEMO,SELL,85.7,1779138281,14.42,0.1682495,AUTO TAKE PROFIT +0.4%
SOLUSDT,DEMO,SELL,84.5,1779138288,13.91,0.16463487,Profit target +8.29%
ETHUSDT,DEMO,BUY,2203.28,1779138298,13.48,0.00611815,SMART AUTO ENTRY
SOLUSDT,DEMO,BUY,85.96,1779138298,13.91,0.16181945,Trend buy rsi=46.8 ema20>ema50
SOLUSDT,DEMO,SELL,84.74,1779138301,25.12,0.29645046,AUTO STOP LOSS -0.6%
SOLUSDT,DEMO,SELL,85.43,1779138321,13.89,0.16254621,AUTO STOP LOSS -0.6%
ETHUSDT,DEMO,BUY,2188.33,1779138341,14.42,0.0065895,AUTO ALL-IN ENTRY
ETHUSDT,DEMO,SELL,2216.63,1779138358,13.56,0.00611815,SMART TAKE PROFIT +0.5%
SOLUSDT,DEMO,SELL,86.28,1779138358,13.96,0.16181945,Profit target +7.06%
ETHUSDT,DEMO,BUY,2158.38,1779138361,25.12,0.01163836,AUTO ALL-IN ENTRY
ETHUSDT,DEMO,BUY,2241.11,1779138368,13.96,0.00622906,Trend buy rsi=52.1 ema20>ema50
ETHUSDT,DEMO,BUY,2218.08,1779138381,13.89,0.00626217,AUTO ALL-IN ENTRY
ETHUSDT,DEMO,SELL,2243.87,1779138401,14.79,0.0065895,AUTO TAKE PROFIT +0.4%
SOLUSDT,DEMO,BUY,86.16,1779138401,14.79,0.17165738,AUTO ALL-IN ENTRY
SOLUSDT,DEMO,SELL,85.93,1779138408,22.59,0.26291135,AUTO TAKE PROFIT +0.8%
ETHUSDT,DEMO,SELL,2202.9,1779138421,25.64,0.01163836,AUTO TAKE PROFIT +0.8%
SOLUSDT,DEMO,BUY,86.85,1779138421,25.64,0.29522165,AUTO ALL-IN ENTRY
ETHUSDT,DEMO,SELL,2239.34,1779138429,13.95,0.00622906,Stop loss -6.37%
ETHUSDT,DEMO,BUY,2226.63,1779138439,13.95,0.00626507,Trend buy rsi=50.1 ema20>ema50
SOLUSDT,DEMO,SELL,85.71,1779138461,14.71,0.17165738,AUTO STOP LOSS -0.3%
ETHUSDT,DEMO,BUY,2228.71,1779138468,22.59,0.01013591,AUTO ALL-IN ENTRY
SOLUSDT,DEMO,SELL,84.61,1779138481,24.98,0.29522165,AUTO STOP LOSS -0.6%
ETHUSDT,DEMO,SELL,2176.03,1779138499,13.63,0.00626507,Stop loss -4.84%
ETHUSDT,DEMO,BUY,2193.05,1779138509,13.63,0.00621509,Trend buy rsi=51.9 ema20>ema50
ETHUSDT,DEMO,BUY,2236.54,1779138521,14.71,0.00657712,AUTO ALL-IN ENTRY
ETHUSDT,DEMO,SELL,2219.79,1779138528,22.5,0.01013591,AUTO STOP LOSS -0.6%
SOLUSDT,DEMO,BUY,84.9,1779138528,22.5,0.26501767,AUTO ALL-IN ENTRY
ETHUSDT,DEMO,BUY,2156.93,1779138541,24.98,0.01158128,AUTO ALL-IN ENTRY
ETHUSDT,DEMO,SELL,2218.13,1779138561,13.89,0.00626217,AUTO TAKE PROFIT +0.8%
SOLUSDT,DEMO,BUY,87.53,1779138561,13.89,0.15868845,AUTO ALL-IN ENTRY
ETHUSDT,DEMO,SELL,2197.57,1779138569,13.66,0.00621509,Stop loss -7.99%
SOLUSDT,DEMO,BUY,87.43,1779138569,13.66,0.15623928,Trend buy rsi=47.8 ema20>ema50
ETHUSDT,DEMO,SELL,2213.96,1779138581,14.56,0.00657712,AUTO STOP LOSS -0.3%
SOLUSDT,DEMO,BUY,86.93,1779138581,14.56,0.16749108,AUTO ALL-IN ENTRY
SOLUSDT,DEMO,SELL,86.77,1779138621,13.77,0.15868845,AUTO STOP LOSS -0.6%
SOLUSDT,DEMO,SELL,87.47,1779138629,13.67,0.15623928,Profit target +14.69%
SOLUSDT,DEMO,SELL,87.42,1779138641,14.64,0.16749108,AUTO STOP LOSS -0.3%
SOLUSDT,DEMO,SELL,86.21,1779138648,22.85,0.26501767,AUTO TAKE PROFIT +0.8%
ETHUSDT,DEMO,BUY,2229.16,1779138649,13.67,0.00613235,Trend buy rsi=54.1 ema20>ema50
SOLUSDT,DEMO,BUY,85.43,1779138658,13.56,0.15872644,SMART AUTO ENTRY
ETHUSDT,DEMO,SELL,2204.93,1779138661,25.54,0.01158128,AUTO TAKE PROFIT +0.8%
SOLUSDT,DEMO,BUY,85.66,1779138661,25.54,0.2981555,AUTO ALL-IN ENTRY
ETHUSDT,DEMO,BUY,2241.96,1779138681,13.77,0.00614195,AUTO ALL-IN ENTRY
ETHUSDT,DEMO,BUY,2221.59,1779138701,14.64,0.00658987,AUTO ALL-IN ENTRY
ETHUSDT,DEMO,BUY,2181.58,1779138708,22.85,0.01047406,AUTO ALL-IN ENTRY
SOLUSDT,DEMO,SELL,86.22,1779138718,13.69,0.15872644,SMART STOP LOSS -0.35%
ETHUSDT,DEMO,SELL,2179.17,1779138719,13.36,0.00613235,Stop loss -3.54%
SOLUSDT,DEMO,SELL,86.94,1779138721,25.92,0.2981555,AUTO STOP LOSS -0.6%
SOLUSDT,DEMO,BUY,85.4,1779138729,13.36,0.15644028,Trend buy rsi=51.4 ema20>ema50
SOLUSDT,DEMO,SELL,84.69,1779168515,13.25,0.15644028,SMART TAKE PROFIT +0.5%
SOLUSDT,DEMO,BUY,87.26,1779169476,13.25,0.15184506,SMART AUTO ENTRY
SOLUSDT,DEMO,SELL,86.21,1779169596,13.09,0.15184506,SMART STOP LOSS -0.35%
SOLUSDT,DEMO,SELL,85.33,1779169603,12.96,0.15184506,SMART STOP LOSS -0.35%
BTCUSDT,DEMO,BUY,79096.54,1779169663,10.0,0.00012643,Manual BUY $10.0
BTCUSDT,DEMO,SELL,79815.77,1779169716,1003.54,0.01257322,SMART STOP LOSS -0.35%
SOLUSDT,DEMO,BUY,87.0,1779169716,1016.63,11.6854023,SMART AUTO ENTRY
SOLUSDT,DEMO,SELL,85.96,1779169836,1004.48,11.6854023,SMART STOP LOSS -0.35%
BTCUSDT,DEMO,BUY,79453.55,1779170017,1004.48,0.01264236,SMART AUTO ENTRY
BTCUSDT,DEMO,SELL,79387.49,1779170077,1003.65,0.01264236,SMART STOP LOSS -0.35%
SOLUSDT,DEMO,BUY,86.92,1779170377,1003.65,11.54682467,SMART AUTO ENTRY
SOLUSDT,DEMO,SELL,85.22,1779170557,984.02,11.54682467,SMART STOP LOSS -0.35%
SOLUSDT,DEMO,BUY,86.89,1779170737,984.02,11.32489354,SMART AUTO ENTRY
SOLUSDT,DEMO,SELL,84.7,1779170857,959.22,11.32489354,SMART STOP LOSS -0.35%
ETHUSDT,DEMO,BUY,2156.32,1779170917,959.22,0.44484121,SMART AUTO ENTRY
ETHUSDT,DEMO,SELL,2179.38,1779170977,969.48,0.44484121,SMART TAKE PROFIT +0.5%
BTCUSDT,DEMO,SELL,79086.96,1779171066,1004.38,0.01269965,AUTO TAKE PROFIT +1.69%
ETHUSDT,DEMO,BUY,2202.02,1779171066,1007.34,0.45746179,AUTO ENTRY via dip_recovery
ETHUSDT,DEMO,SELL,2224.14,1779171126,1017.46,0.45746179,AUTO STOP LOSS -0.75%
SOLUSDT,DEMO,BUY,84.76,1779171126,1017.46,12.00401133,AUTO ENTRY via ema_cross_uptrend
ETHUSDT,DEMO,BUY,2186.29,1779171158,969.48,0.44343614,SMART AUTO ENTRY
SOLUSDT,DEMO,SELL,87.45,1779171186,1049.75,12.00401133,AUTO TAKE PROFIT +1.72%
ETHUSDT,DEMO,SELL,2168.54,1779171218,961.61,0.44343614,SMART TAKE PROFIT +0.5%
BTCUSDT,DEMO,BUY,76858.41,1779171246,1049.75,0.01365823,AUTO ENTRY via dip_recovery
BTCUSDT,DEMO,SELL,79814.65,1779171306,1090.13,0.01365823,AUTO TAKE PROFIT +2.45%
ETHUSDT,DEMO,BUY,2168.58,1779171306,1090.13,0.50269301,AUTO ENTRY via ema_cross_uptrend
ETHUSDT,DEMO,SELL,2223.59,1779171366,1117.78,0.50269301,AUTO TAKE PROFIT +2.10%
SOLUSDT,DEMO,BUY,87.41,1779171366,1117.78,12.78778172,AUTO ENTRY via ema_cross_uptrend
SOLUSDT,DEMO,SELL,86.92,1779171426,1111.51,12.78778172,AUTO STOP LOSS -0.90%
SOLUSDT,DEMO,BUY,87.48,1779171458,961.61,10.99234111,SMART AUTO ENTRY
BTCUSDT,DEMO,BUY,77023.44,1779171486,1111.51,0.0144308,AUTO ENTRY via dip_recovery
SOLUSDT,DEMO,SELL,86.17,1779171518,947.21,10.99234111,SMART STOP LOSS -0.35%
BTCUSDT,DEMO,SELL,77379.73,1779171606,1116.65,0.0144308,AUTO TAKE PROFIT +1.90%
ETHUSDT,DEMO,BUY,2166.16,1779171606,1116.65,0.51549747,AUTO ENTRY via dip_recovery
BTCUSDT,DEMO,BUY,79859.97,1779171638,947.21,0.01186089,SMART AUTO ENTRY
ETHUSDT,DEMO,SELL,2176.75,1779171666,1122.11,0.51549747,AUTO TAKE PROFIT +1.92%
BTCUSDT,DEMO,SELL,78321.08,1779171698,928.96,0.01186089,SMART STOP LOSS -0.35%
BTCUSDT,DEMO,BUY,78945.13,1779171727,1122.11,0.0142138,AUTO ENTRY via dip_recovery
BTCUSDT,DEMO,SELL,79280.17,1779171787,1126.87,0.0142138,AUTO STOP LOSS -0.39%
ETHUSDT,DEMO,BUY,2241.33,1779171787,1126.87,0.50276845,AUTO ENTRY via ema_cross_uptrend
ETHUSDT,DEMO,SELL,2234.96,1779171847,1123.67,0.50276845,AUTO STOP LOSS -1.12%
SOLUSDT,DEMO,BUY,85.97,1779171847,1123.67,13.07048971,AUTO ENTRY via dip_recovery
SOLUSDT,DEMO,SELL,84.74,1779171907,1107.59,13.07048971,AUTO TAKE PROFIT +1.68%
BTCUSDT,DEMO,BUY,79378.54,1779171967,1107.59,0.01395327,AUTO ENTRY via dip_recovery
BTCUSDT,DEMO,SELL,79942.3,1779172027,1115.46,0.01395327,AUTO STOP LOSS -2.01%
ETHUSDT,DEMO,BUY,2185.26,1779172027,1115.46,0.51044727,AUTO ENTRY via dip_recovery
ETHUSDT,DEMO,SELL,2219.07,1779172087,1132.72,0.51044727,AUTO STOP LOSS -0.43%
SOLUSDT,DEMO,BUY,84.37,1779172087,1132.72,13.42562522,AUTO ENTRY via dip_recovery
SOLUSDT,DEMO,SELL,87.37,1779172147,1173.0,13.42562522,AUTO TAKE PROFIT +2.90%
BTCUSDT,DEMO,BUY,76979.91,1779172207,1173.0,0.01523774,AUTO ENTRY via ema_cross_uptrend
BTCUSDT,DEMO,SELL,77884.67,1779172327,1186.79,0.01523774,AUTO TAKE PROFIT +2.45%
ETHUSDT,DEMO,BUY,2233.53,1779172327,1186.79,0.53135172,AUTO ENTRY via dip_recovery
ETHUSDT,DEMO,SELL,2159.96,1779172387,1147.7,0.53135172,AUTO STOP LOSS -0.92%
SOLUSDT,DEMO,BUY,84.96,1779172387,1147.7,13.50870998,AUTO ENTRY via dip_recovery
SOLUSDT,DEMO,SELL,84.31,1779172447,1138.92,13.50870998,AUTO TAKE PROFIT +0.97%
ETHUSDT,DEMO,BUY,2218.98,1779172507,1138.92,0.51326285,AUTO ENTRY via dip_recovery
ETHUSDT,DEMO,SELL,2192.71,1779172687,1125.44,0.51326285,AUTO STOP LOSS -2.60%
BTCUSDT,DEMO,BUY,77693.18,1779172720,928.96,0.01195678,SMART AUTO ENTRY
BTCUSDT,DEMO,BUY,79716.63,1779172747,1125.44,0.01411801,AUTO ENTRY via dip_recovery
BTCUSDT,DEMO,SELL,79444.05,1779172780,949.9,0.01195678,SMART TAKE PROFIT +0.5%
BTCUSDT,DEMO,SELL,79280.54,1779172807,1119.28,0.01411801,AUTO STOP LOSS -0.49%
ETHUSDT,DEMO,BUY,2164.06,1779172807,1119.28,0.51721302,AUTO ENTRY via dip_recovery
BTCUSDT,DEMO,BUY,77457.79,1779172840,949.9,0.01226345,SMART AUTO ENTRY
ETHUSDT,DEMO,SELL,2166.18,1779172867,1120.38,0.51721302,AUTO TAKE PROFIT +0.98%
SOLUSDT,DEMO,BUY,84.85,1779172867,1120.38,13.20424278,AUTO ENTRY via dip_recovery
BTCUSDT,DEMO,SELL,78829.79,1779172900,966.73,0.01226345,SMART TAKE PROFIT +0.5%
SOLUSDT,DEMO,SELL,87.3,1779172927,1152.73,13.20424278,AUTO TAKE PROFIT +3.30%
BTCUSDT,DEMO,BUY,78869.43,1779172988,1152.73,0.01461568,AUTO ENTRY via dip_recovery
BTCUSDT,DEMO,SELL,77281.0,1779173048,1129.51,0.01461568,AUTO STOP LOSS -0.94%
ETHUSDT,DEMO,BUY,2191.24,1779173048,1129.51,0.51546613,AUTO ENTRY via dip_recovery
SOLUSDT,DEMO,BUY,85.86,1779173080,966.73,11.25937573,SMART AUTO ENTRY
ETHUSDT,DEMO,SELL,2233.48,1779173108,1151.28,0.51546613,AUTO TAKE PROFIT +1.55%
SOLUSDT,DEMO,BUY,86.32,1779173108,1151.28,13.3373494,AUTO ENTRY via dip_recovery
SOLUSDT,DEMO,SELL,86.03,1779173140,968.64,11.25937573,SMART STOP LOSS -0.35%
SOLUSDT,DEMO,SELL,86.55,1779173168,1154.35,13.3373494,AUTO TAKE PROFIT +0.43%
SOLUSDT,DEMO,BUY,86.99,1779173228,1154.35,13.26991608,AUTO ENTRY via dip_recovery
SOLUSDT,DEMO,BUY,86.1,1779173261,968.64,11.25017422,SMART AUTO ENTRY
SOLUSDT,DEMO,SELL,85.68,1779173288,1136.97,13.26991608,AUTO STOP LOSS -2.78%
SOLUSDT,DEMO,SELL,86.75,1779173321,975.95,11.25017422,SMART STOP LOSS -0.35%
ETHUSDT,DEMO,BUY,2227.09,1779173348,1136.97,0.51051821,AUTO ENTRY via dip_recovery
ETHUSDT,DEMO,SELL,2221.51,1779173408,1134.12,0.51051821,AUTO STOP LOSS -2.06%
SOLUSDT,DEMO,BUY,85.73,1779173408,1134.12,13.22897469,AUTO ENTRY via dip_recovery
SOLUSDT,DEMO,SELL,86.08,1779173468,1138.75,13.22897469,AUTO STOP LOSS -0.40%
BTCUSDT,DEMO,BUY,77954.67,1779173528,1138.75,0.01460785,AUTO ENTRY via dip_recovery
BTCUSDT,DEMO,SELL,78966.89,1779173588,1153.54,0.01460785,AUTO STOP LOSS -1.36%
ETHUSDT,DEMO,BUY,2167.71,1779173588,1153.54,0.53214683,AUTO ENTRY via dip_recovery
ETHUSDT,DEMO,SELL,2192.43,1779173768,1166.69,0.53214683,AUTO TAKE PROFIT +3.16%
SOLUSDT,DEMO,BUY,85.33,1779173768,1166.69,13.67268253,AUTO ENTRY via dip_recovery
SOLUSDT,DEMO,SELL,86.95,1779173888,1188.84,13.67268253,AUTO STOP LOSS -0.80%
SOLUSDT,DEMO,BUY,87.37,1779173921,975.95,11.17031018,SMART AUTO ENTRY
SOLUSDT,DEMO,BUY,87.27,1779173948,1188.84,13.6225507,AUTO ENTRY via dip_recovery
SOLUSDT,DEMO,SELL,86.62,1779173981,967.57,11.17031018,SMART STOP LOSS -0.35%
SOLUSDT,DEMO,SELL,86.13,1779174008,1173.31,13.6225507,AUTO STOP LOSS -1.00%
SOLUSDT,DEMO,BUY,84.56,1779174042,967.57,11.44240776,SMART AUTO ENTRY
ETHUSDT,DEMO,BUY,2177.03,1779174068,1173.31,0.53894985,AUTO ENTRY via dip_recovery
SOLUSDT,DEMO,SELL,86.89,1779174102,994.23,11.44240776,SMART TAKE PROFIT +0.5%
ETHUSDT,DEMO,SELL,2225.26,1779174128,1199.3,0.53894985,AUTO TAKE PROFIT +2.87%
SOLUSDT,DEMO,BUY,84.53,1779174128,1199.3,14.1878623,AUTO ENTRY via dip_recovery
SOLUSDT,DEMO,SELL,84.84,1779174188,1203.7,14.1878623,AUTO TAKE PROFIT +2.01%
BTCUSDT,DEMO,BUY,78449.8,1779174222,994.23,0.01267345,SMART AUTO ENTRY
BTCUSDT,DEMO,BUY,78929.36,1779174248,1203.7,0.01525035,AUTO ENTRY via dip_recovery
BTCUSDT,DEMO,SELL,78210.38,1779174282,991.2,0.01267345,SMART STOP LOSS -0.35%
BTCUSDT,DEMO,SELL,77278.59,1779174309,1178.53,0.01525035,AUTO STOP LOSS -2.28%
ETHUSDT,DEMO,BUY,2167.49,1779174309,1178.53,0.54373031,AUTO ENTRY via ema_cross_uptrend
ETHUSDT,DEMO,BUY,2215.19,1779174342,991.2,0.44745597,SMART AUTO ENTRY
ETHUSDT,DEMO,SELL,2218.22,1779174369,1206.11,0.54373031,AUTO TAKE PROFIT +2.98%
ETHUSDT,DEMO,SELL,2163.77,1779174402,968.19,0.44745597,SMART STOP LOSS -0.35%
BTCUSDT,DEMO,BUY,79904.35,1779174429,1206.11,0.01509442,AUTO ENTRY via ema_cross_uptrend
BTCUSDT,DEMO,SELL,78346.86,1779174549,1182.6,0.01509442,AUTO STOP LOSS -2.17%
ETHUSDT,DEMO,BUY,2193.27,1779174549,1182.6,0.5391949,AUTO ENTRY via dip_recovery
ETHUSDT,DEMO,SELL,2165.5,1779174669,1167.63,0.5391949,AUTO TAKE PROFIT +2.08%
SOLUSDT,DEMO,BUY,84.99,1779174669,1167.63,13.73843982,AUTO ENTRY via dip_recovery
SOLUSDT,DEMO,SELL,85.59,1779174729,1175.87,13.73843982,AUTO TAKE PROFIT +0.47%
BTCUSDT,DEMO,BUY,77995.55,1779174789,1175.87,0.01507612,AUTO ENTRY via dip_recovery
BTCUSDT,DEMO,SELL,79349.42,1779174849,1196.28,0.01507612,AUTO TAKE PROFIT +1.09%
ETHUSDT,DEMO,BUY,2200.4,1779174849,1196.28,0.54366479,AUTO ENTRY via dip_recovery
ETHUSDT,DEMO,SELL,2232.82,1779174909,1213.91,0.54366479,AUTO STOP LOSS -0.62%
SOLUSDT,DEMO,BUY,84.63,1779174909,1213.91,14.34373154,AUTO ENTRY via dip_recovery
BTCUSDT,DEMO,BUY,78852.44,1779174943,968.19,0.0122785,SMART AUTO ENTRY
SOLUSDT,DEMO,SELL,86.52,1779174969,1241.02,14.34373154,AUTO TAKE PROFIT +2.78%
BTCUSDT,DEMO,SELL,79139.91,1779175003,971.72,0.0122785,SMART STOP LOSS -0.35%
ETHUSDT,DEMO,BUY,2229.64,1779175029,1241.02,0.55660107,AUTO ENTRY via dip_recovery
ETHUSDT,DEMO,SELL,2237.37,1779175089,1245.32,0.55660107,AUTO STOP LOSS -1.78%
SOLUSDT,DEMO,BUY,84.63,1779175089,1245.32,14.71487652,AUTO ENTRY via dip_recovery
SOLUSDT,DEMO,SELL,85.15,1779175149,1252.97,14.71487652,AUTO TAKE PROFIT +1.91%
BTCUSDT,DEMO,BUY,77491.57,1779175209,1252.97,0.01616911,AUTO ENTRY via dip_recovery
BTCUSDT,DEMO,SELL,77196.74,1779175269,1248.2,0.01616911,AUTO TAKE PROFIT +1.14%
SOLUSDT,DEMO,BUY,84.48,1779175269,1248.2,14.7750947,AUTO ENTRY via dip_recovery
SOLUSDT,DEMO,SELL,84.63,1779175329,1250.42,14.7750947,AUTO TAKE PROFIT +1.44%
BTCUSDT,DEMO,BUY,78441.89,1779175390,1250.42,0.01594072,AUTO ENTRY via dip_recovery
BTCUSDT,DEMO,SELL,76832.2,1779175450,1224.76,0.01594072,AUTO STOP LOSS -1.56%
ETHUSDT,DEMO,BUY,2203.2,1779175450,1224.76,0.55590051,AUTO ENTRY via dip_recovery
ETHUSDT,DEMO,SELL,2217.27,1779175510,1232.58,0.55590051,AUTO TAKE PROFIT +0.63%
BTCUSDT,DEMO,BUY,79157.67,1779175543,971.72,0.01227575,SMART AUTO ENTRY
ETHUSDT,DEMO,BUY,2213.01,1779175570,1232.58,0.55696992,AUTO ENTRY via dip_recovery
BTCUSDT,DEMO,SELL,78577.82,1779175603,964.6,0.01227575,SMART STOP LOSS -0.35%
SOLUSDT,DEMO,BUY,86.15,1779175603,964.6,11.19674985,SMART AUTO ENTRY
ETHUSDT,DEMO,SELL,2206.46,1779175690,1228.93,0.55696992,AUTO STOP LOSS -0.83%
SOLUSDT,DEMO,BUY,86.01,1779175690,1228.93,14.2882223,AUTO ENTRY via dip_recovery
SOLUSDT,DEMO,SELL,86.7,1779175724,970.76,11.19674985,SMART TAKE PROFIT +0.5%
SOLUSDT,DEMO,SELL,84.31,1779175750,1204.64,14.2882223,AUTO STOP LOSS -1.70%
BTCUSDT,DEMO,BUY,78564.34,1779175810,1204.64,0.01533317,AUTO ENTRY via dip_recovery
BTCUSDT,DEMO,SELL,79107.95,1779175870,1212.98,0.01533317,AUTO TAKE PROFIT +1.43%
ETHUSDT,DEMO,BUY,2165.5,1779175870,1212.98,0.56013854,AUTO ENTRY via dip_recovery
ETHUSDT,DEMO,SELL,2243.78,1779175930,1256.83,0.56013854,AUTO TAKE PROFIT +2.79%
SOLUSDT,DEMO,BUY,86.93,1779175930,1256.83,14.45795468,AUTO ENTRY via dip_recovery
ETHUSDT,DEMO,BUY,2186.83,1779175964,970.76,0.44391196,SMART AUTO ENTRY
SOLUSDT,DEMO,SELL,85.83,1779175990,1240.93,14.45795468,AUTO STOP LOSS -0.70%
ETHUSDT,DEMO,SELL,2156.55,1779176024,957.32,0.44391196,SMART TAKE PROFIT +0.5%
BTCUSDT,DEMO,BUY,77211.24,1779176050,1240.93,0.01607188,AUTO ENTRY via dip_recovery
BTCUSDT,DEMO,SELL,77297.43,1779176110,1242.32,0.01607188,AUTO TAKE PROFIT +2.75%
ETHUSDT,DEMO,BUY,2183.83,1779176110,1242.32,0.56887212,AUTO ENTRY via dip_recovery
ETHUSDT,DEMO,BUY,2204.55,1779176144,957.32,0.43424735,SMART AUTO ENTRY
ETHUSDT,DEMO,SELL,2239.01,1779176170,1273.71,0.56887212,AUTO STOP LOSS -0.95%
SOLUSDT,DEMO,BUY,87.07,1779176170,1273.71,14.62857471,AUTO ENTRY via dip_recovery
ETHUSDT,DEMO,SELL,2212.24,1779176204,960.66,0.43424735,SMART TAKE PROFIT +0.5%
SOLUSDT,DEMO,SELL,84.74,1779176230,1239.63,14.62857471,AUTO STOP LOSS -2.50%
BTCUSDT,DEMO,BUY,79044.18,1779176264,960.66,0.01215346,SMART AUTO ENTRY
BTCUSDT,DEMO,BUY,78931.43,1779176290,1239.63,0.01570515,AUTO ENTRY via dip_recovery
BTCUSDT,DEMO,SELL,79323.36,1779176324,964.05,0.01215346,SMART STOP LOSS -0.35%
ETHUSDT,DEMO,BUY,2195.06,1779176324,964.05,0.43919073,SMART AUTO ENTRY
BTCUSDT,DEMO,SELL,78068.38,1779176350,1226.08,0.01570515,AUTO STOP LOSS -1.26%
ETHUSDT,DEMO,BUY,2199.13,1779176350,1226.08,0.55752957,AUTO ENTRY via dip_recovery
ETHUSDT,DEMO,SELL,2230.72,1779176384,979.71,0.43919073,SMART TAKE PROFIT +0.5%
ETHUSDT,DEMO,SELL,2171.69,1779176410,1210.78,0.55752957,AUTO TAKE PROFIT +1.92%
SOLUSDT,DEMO,BUY,85.15,1779176410,1210.78,14.21937757,AUTO ENTRY via dip_recovery
SOLUSDT,DEMO,SELL,87.17,1779176530,1239.5,14.21937757,AUTO TAKE PROFIT +2.89%
BTCUSDT,DEMO,BUY,77333.22,1779176564,979.71,0.01266868,SMART AUTO ENTRY
ETHUSDT,DEMO,BUY,2206.61,1779176591,1239.5,0.56172137,AUTO ENTRY via dip_recovery
ETHUSDT,DEMO,SELL,2176.91,1779176651,1222.82,0.56172137,AUTO STOP LOSS -0.87%
BTCUSDT,DEMO,SELL,79635.49,1779176684,1008.88,0.01266868,SMART STOP LOSS -0.35%
BTCUSDT,DEMO,BUY,77316.81,1779176711,1222.82,0.01581571,AUTO ENTRY via dip_recovery
BTCUSDT,DEMO,SELL,79347.58,1779176771,1254.94,0.01581571,AUTO TAKE PROFIT +0.43%
ETHUSDT,DEMO,BUY,2219.92,1779176771,1254.94,0.56530866,AUTO ENTRY via dip_recovery
ETHUSDT,DEMO,SELL,2175.63,1779176831,1229.9,0.56530866,AUTO STOP LOSS -2.63%
SOLUSDT,DEMO,BUY,87.64,1779176831,1229.9,14.03354633,AUTO ENTRY via dip_recovery
SOLUSDT,DEMO,SELL,85.67,1779176891,1202.25,14.03354633,AUTO STOP LOSS -2.84%
SOLUSDT,DEMO,BUY,85.17,1779176925,1008.88,11.8454855,SMART AUTO ENTRY
BTCUSDT,DEMO,BUY,77402.0,1779176951,1202.25,0.01553254,AUTO ENTRY via dip_recovery
SOLUSDT,DEMO,SELL,87.51,1779176985,1036.6,11.8454855,SMART TAKE PROFIT +0.5%
BTCUSDT,DEMO,SELL,78007.28,1779177011,1211.65,0.01553254,AUTO TAKE PROFIT +2.69%
ETHUSDT,DEMO,BUY,2191.73,1779177011,1211.65,0.55282813,AUTO ENTRY via dip_recovery
ETHUSDT,DEMO,SELL,2183.33,1779177071,1207.01,0.55282813,AUTO TAKE PROFIT +1.88%
SOLUSDT,DEMO,BUY,86.93,1779177071,1207.01,13.88484988,AUTO ENTRY via ema_cross_uptrend
ETHUSDT,DEMO,BUY,2200.54,1779177105,1036.6,0.47106619,SMART AUTO ENTRY
SOLUSDT,DEMO,SELL,87.06,1779177131,1208.82,13.88484988,AUTO STOP LOSS -1.18%
ETHUSDT,DEMO,SELL,2222.09,1779177165,1046.75,0.47106619,SMART STOP LOSS -0.35%
BTCUSDT,DEMO,BUY,77552.43,1779177191,1208.82,0.01558713,AUTO ENTRY via dip_recovery
BTCUSDT,DEMO,SELL,78957.0,1779177251,1230.71,0.01558713,AUTO TAKE PROFIT +1.39%
ETHUSDT,DEMO,BUY,2214.69,1779177251,1230.71,0.55570306,AUTO ENTRY via dip_recovery
ETHUSDT,DEMO,SELL,2211.71,1779177311,1229.05,0.55570306,AUTO STOP LOSS -1.97%
SOLUSDT,DEMO,BUY,87.5,1779177311,1229.05,14.04628571,AUTO ENTRY via ema_cross_uptrend
SOLUSDT,DEMO,BUY,87.03,1779177345,1046.75,12.02746179,SMART AUTO ENTRY
SOLUSDT,DEMO,SELL,84.7,1779177371,1189.72,14.04628571,AUTO STOP LOSS -1.02%
SOLUSDT,DEMO,SELL,84.57,1779177405,1017.16,12.02746179,SMART STOP LOSS -0.35%
ETHUSDT,DEMO,BUY,2186.01,1779177431,1189.72,0.54424271,AUTO ENTRY via dip_recovery
SOLUSDT,DEMO,BUY,85.79,1779177465,1017.16,11.85639352,SMART AUTO ENTRY
ETHUSDT,DEMO,SELL,2179.95,1779177491,1186.42,0.54424271,AUTO TAKE PROFIT +2.61%
SOLUSDT,DEMO,BUY,84.54,1779177491,1186.42,14.03383014,AUTO ENTRY via ema_cross_uptrend
SOLUSDT,DEMO,SELL,87.51,1779177525,1037.55,11.85639352,SMART TAKE PROFIT +0.5%
BTCUSDT,DEMO,BUY,77634.01,1779177585,1037.55,0.01336463,SMART AUTO ENTRY
SOLUSDT,DEMO,SELL,84.98,1779177611,1192.59,14.03383014,AUTO TAKE PROFIT +0.53%
BTCUSDT,DEMO,BUY,77099.55,1779177671,1192.59,0.01546818,AUTO ENTRY via dip_recovery
BTCUSDT,DEMO,SELL,77415.28,1779177705,1034.63,0.01336463,SMART TAKE PROFIT +0.5%
SOLUSDT,DEMO,BUY,85.83,1779177705,1034.63,12.05440988,SMART AUTO ENTRY
BTCUSDT,DEMO,SELL,77921.4,1779177792,1205.3,0.01546818,AUTO TAKE PROFIT +1.84%
ETHUSDT,DEMO,BUY,2191.29,1779177792,1205.3,0.5500413,AUTO ENTRY via dip_recovery
SOLUSDT,DEMO,SELL,87.22,1779177825,1051.39,12.05440988,SMART TAKE PROFIT +0.5%
ETHUSDT,DEMO,SELL,2178.1,1779177852,1198.04,0.5500413,AUTO TAKE PROFIT +0.94%
SOLUSDT,DEMO,BUY,84.53,1779177852,1198.04,14.17295635,AUTO ENTRY via ema_cross_uptrend
SOLUSDT,DEMO,SELL,85.12,1779177912,1206.4,14.17295635,AUTO TAKE PROFIT +3.04%
ETHUSDT,DEMO,BUY,2219.61,1779177972,1206.4,0.54351891,AUTO ENTRY via dip_recovery
ETHUSDT,DEMO,SELL,2172.97,1779178032,1181.05,0.54351891,AUTO STOP LOSS -2.01%
SOLUSDT,DEMO,BUY,84.83,1779178032,1181.05,13.92255098,AUTO ENTRY via dip_recovery
SOLUSDT,DEMO,SELL,84.76,1779178092,1180.08,13.92255098,AUTO TAKE PROFIT +1.59%
BTCUSDT,DEMO,BUY,78620.2,1779178152,1180.08,0.01500988,AUTO ENTRY via dip_recovery
BTCUSDT,DEMO,BUY,79044.89,1779178186,1051.39,0.01330118,SMART AUTO ENTRY
BTCUSDT,DEMO,SELL,77372.02,1779178212,1161.34,0.01500988,AUTO STOP LOSS -1.90%
ETHUSDT,DEMO,BUY,2180.64,1779178212,1161.34,0.53256842,AUTO ENTRY via dip_recovery
ETHUSDT,DEMO,SELL,2175.71,1779178272,1158.71,0.53256842,AUTO TAKE PROFIT +1.29%
SOLUSDT,DEMO,BUY,86.02,1779178272,1158.71,13.47023948,AUTO ENTRY via dip_recovery
BTCUSDT,DEMO,SELL,77252.94,1779178306,1027.56,0.01330118,SMART STOP LOSS -0.35%
SOLUSDT,DEMO,SELL,87.03,1779178332,1172.31,13.47023948,AUTO TAKE PROFIT +1.92%
BTCUSDT,DEMO,BUY,79239.38,1779178392,1172.31,0.01479454,AUTO ENTRY via dip_recovery
BTCUSDT,DEMO,SELL,77473.23,1779178452,1146.18,0.01479454,AUTO STOP LOSS -2.04%
SOLUSDT,DEMO,BUY,85.85,1779178452,1146.18,13.35096098,AUTO ENTRY via dip_recovery
SOLUSDT,DEMO,SELL,84.6,1779178512,1129.49,13.35096098,AUTO TAKE PROFIT +2.11%
SOLUSDT,DEMO,BUY,87.01,1779178572,1129.49,12.98115159,AUTO ENTRY via dip_recovery
SOLUSDT,DEMO,SELL,85.6,1779178632,1111.19,12.98115159,AUTO STOP LOSS -0.97%
ETHUSDT,DEMO,BUY,2237.54,1779178692,1111.19,0.49661235,AUTO ENTRY via dip_recovery
ETHUSDT,DEMO,SELL,2156.24,1779178752,1070.82,0.49661235,AUTO STOP LOSS -2.89%
SOLUSDT,DEMO,BUY,85.45,1779178752,1070.82,12.53153891,AUTO ENTRY via dip_recovery
SOLUSDT,DEMO,SELL,84.86,1779178812,1063.43,12.53153891,AUTO STOP LOSS -1.26%
BTCUSDT,DEMO,BUY,79175.04,1779178872,1063.43,0.01343138,AUTO ENTRY via dip_recovery
BTCUSDT,DEMO,SELL,77840.22,1779178932,1045.5,0.01343138,AUTO STOP LOSS -1.49%
ETHUSDT,DEMO,BUY,2227.63,1779178933,1045.5,0.46933288,AUTO ENTRY via dip_recovery
ETHUSDT,DEMO,SELL,2202.72,1779178993,1033.81,0.46933288,AUTO STOP LOSS -2.25%
SOLUSDT,DEMO,BUY,85.86,1779178993,1033.81,12.04064757,AUTO ENTRY via dip_recovery
SOLUSDT,DEMO,SELL,87.48,1779179053,1053.32,12.04064757,AUTO TAKE PROFIT +1.85%
BTCUSDT,DEMO,BUY,77535.35,1779179113,1053.32,0.01358503,AUTO ENTRY via ema_cross_uptrend
BTCUSDT,DEMO,SELL,79265.46,1779179173,1076.82,0.01358503,AUTO STOP LOSS -0.71%
ETHUSDT,DEMO,BUY,2238.75,1779179173,1076.82,0.48099162,AUTO ENTRY via dip_recovery
ETHUSDT,DEMO,SELL,2213.16,1779179233,1064.51,0.48099162,AUTO STOP LOSS -1.13%
SOLUSDT,DEMO,BUY,84.58,1779179233,1064.51,12.5858359,AUTO ENTRY via dip_recovery
SOLUSDT,DEMO,SELL,84.65,1779179293,1065.39,12.5858359,AUTO TAKE PROFIT +0.57%
BTCUSDT,DEMO,BUY,77842.62,1779179353,1065.39,0.01368646,AUTO ENTRY via dip_recovery
BTCUSDT,DEMO,SELL,78384.05,1779179413,1072.8,0.01368646,AUTO STOP LOSS -1.22%
ETHUSDT,DEMO,BUY,2170.63,1779179413,1072.8,0.49423439,AUTO ENTRY via dip_recovery
ETHUSDT,DEMO,SELL,2190.56,1779179473,1082.65,0.49423439,AUTO TAKE PROFIT +1.18%
SOLUSDT,DEMO,BUY,86.88,1779179473,1082.65,12.46144107,AUTO ENTRY via dip_recovery
SOLUSDT,DEMO,SELL,85.56,1779179533,1066.2,12.46144107,AUTO STOP LOSS -2.80%
BTCUSDT,DEMO,BUY,77884.89,1779179593,1066.2,0.01368943,AUTO ENTRY via dip_recovery
BTCUSDT,DEMO,SELL,77893.14,1779179653,1066.31,0.01368943,AUTO TAKE PROFIT +1.24%
ETHUSDT,DEMO,BUY,2195.36,1779179653,1066.31,0.48571077,AUTO ENTRY via dip_recovery
ETHUSDT,DEMO,SELL,2181.9,1779179713,1059.77,0.48571077,AUTO STOP LOSS -0.88%
SOLUSDT,DEMO,BUY,85.62,1779179713,1059.77,12.37759869,AUTO ENTRY via dip_recovery
BTCUSDT,DEMO,BUY,77995.7,1779179746,1027.56,0.01317457,SMART AUTO ENTRY
SOLUSDT,DEMO,SELL,86.37,1779179773,1069.05,12.37759869,AUTO TAKE PROFIT +1.32%
BTCUSDT,DEMO,SELL,77415.4,1779179806,1019.91,0.01317457,SMART TAKE PROFIT +0.5%
SOLUSDT,DEMO,BUY,85.76,1779179833,1069.05,12.46560168,AUTO ENTRY via dip_recovery
BTCUSDT,DEMO,BUY,78405.26,1779179867,1019.91,0.01300818,SMART AUTO ENTRY
SOLUSDT,DEMO,SELL,84.51,1779179893,1053.47,12.46560168,AUTO STOP LOSS -1.31%
BTCUSDT,DEMO,SELL,78847.18,1779179927,1025.66,0.01300818,SMART TAKE PROFIT +0.5%
BTCUSDT,DEMO,BUY,76881.19,1779179953,1053.47,0.01370257,AUTO ENTRY via dip_recovery
BTCUSDT,DEMO,SELL,79401.03,1779180013,1088.0,0.01370257,AUTO TAKE PROFIT +3.20%
ETHUSDT,DEMO,BUY,2173.51,1779180073,1088.0,0.50057281,AUTO ENTRY via dip_recovery
ETHUSDT,DEMO,BUY,2201.64,1779180107,1025.66,0.46586181,SMART AUTO ENTRY
ETHUSDT,DEMO,SELL,2209.28,1779180133,1105.91,0.50057281,AUTO STOP LOSS -0.72%
SOLUSDT,DEMO,BUY,84.34,1779180133,1105.91,13.11252075,AUTO ENTRY via dip_recovery
ETHUSDT,DEMO,SELL,2205.91,1779180167,1027.65,0.46586181,SMART STOP LOSS -0.35%
SOLUSDT,DEMO,SELL,87.47,1779180193,1146.95,13.11252075,AUTO TAKE PROFIT +1.60%
BTCUSDT,DEMO,BUY,78372.43,1779180253,1146.95,0.01463461,AUTO ENTRY via dip_recovery
BTCUSDT,DEMO,SELL,79896.56,1779180313,1169.25,0.01463461,AUTO TAKE PROFIT +0.92%
ETHUSDT,DEMO,BUY,2193.03,1779180314,1169.25,0.53316644,AUTO ENTRY via dip_recovery
ETHUSDT,DEMO,SELL,2162.23,1779180434,1152.83,0.53316644,AUTO TAKE PROFIT +1.98%
ETHUSDT,DEMO,BUY,2204.68,1779180494,1152.83,0.52290128,AUTO ENTRY via dip_recovery
ETHUSDT,DEMO,SELL,2204.45,1779180554,1152.71,0.52290128,AUTO STOP LOSS -1.48%
SOLUSDT,DEMO,BUY,86.05,1779180554,1152.71,13.39581639,AUTO ENTRY via dip_recovery
SOLUSDT,DEMO,SELL,85.92,1779180614,1150.97,13.39581639,AUTO STOP LOSS -0.43%
SOLUSDT,DEMO,BUY,85.34,1779180647,1027.65,12.04183267,SMART AUTO ENTRY
BTCUSDT,DEMO,BUY,77137.92,1779180674,1150.97,0.01492094,AUTO ENTRY via dip_recovery
BTCUSDT,DEMO,SELL,78775.12,1779180734,1175.4,0.01492094,AUTO TAKE PROFIT +2.43%
ETHUSDT,DEMO,BUY,2214.01,1779180734,1175.4,0.53089191,AUTO ENTRY via dip_recovery
SOLUSDT,DEMO,SELL,84.41,1779180767,1016.45,12.04183267,SMART STOP LOSS -0.35%
ETHUSDT,DEMO,SELL,2231.24,1779180794,1184.55,0.53089191,AUTO STOP LOSS -1.89%
SOLUSDT,DEMO,BUY,85.65,1779180794,1184.55,13.83012259,AUTO ENTRY via dip_recovery
SOLUSDT,DEMO,SELL,85.24,1779180854,1178.88,13.83012259,AUTO STOP LOSS -1.48%
SOLUSDT,DEMO,BUY,84.29,1779180887,1016.45,12.0589631,SMART AUTO ENTRY
BTCUSDT,DEMO,BUY,77005.7,1779180914,1178.88,0.015309,AUTO ENTRY via dip_recovery
SOLUSDT,DEMO,SELL,85.4,1779180947,1029.84,12.0589631,SMART TAKE PROFIT +0.5%
BTCUSDT,DEMO,SELL,78128.42,1779180974,1196.07,0.015309,AUTO TAKE PROFIT +0.60%
SOLUSDT,DEMO,BUY,86.7,1779180974,1196.07,13.79550173,AUTO ENTRY via dip_recovery
SOLUSDT,DEMO,SELL,84.98,1779181094,1172.34,13.79550173,AUTO STOP LOSS -1.04%
BTCUSDT,DEMO,BUY,78834.11,1779181154,1172.34,0.01487097,AUTO ENTRY via dip_recovery
BTCUSDT,DEMO,SELL,78067.86,1779181274,1160.94,0.01487097,AUTO TAKE PROFIT +0.94%
ETHUSDT,DEMO,BUY,2176.41,1779181274,1160.94,0.53341971,AUTO ENTRY via dip_recovery
ETHUSDT,DEMO,BUY,2238.33,1779181427,1029.84,0.46009302,SMART AUTO ENTRY
ETHUSDT,DEMO,SELL,2183.4,1779181454,1164.67,0.53341971,AUTO TAKE PROFIT +2.85%
SOLUSDT,DEMO,BUY,86.62,1779181454,1164.67,13.44574001,AUTO ENTRY via dip_recovery
ETHUSDT,DEMO,SELL,2241.76,1779181487,1031.42,0.46009302,SMART STOP LOSS -0.35%
SOLUSDT,DEMO,SELL,87.15,1779181514,1171.8,13.44574001,AUTO STOP LOSS -0.85%
ETHUSDT,DEMO,BUY,2195.97,1779181547,1031.42,0.46968766,SMART AUTO ENTRY
ETHUSDT,DEMO,BUY,2162.52,1779181574,1171.8,0.54186782,AUTO ENTRY via ema_cross_uptrend
ETHUSDT,DEMO,SELL,2219.38,1779181607,1042.42,0.46968766,SMART STOP LOSS -0.35%
ETHUSDT,DEMO,SELL,2217.01,1779181635,1201.33,0.54186782,AUTO TAKE PROFIT +2.75%
SOLUSDT,DEMO,BUY,86.7,1779181635,1201.33,13.8561707,AUTO ENTRY via dip_recovery
SOLUSDT,DEMO,SELL,86.39,1779181695,1197.03,13.8561707,AUTO TAKE PROFIT +0.81%
SOLUSDT,DEMO,BUY,85.28,1779181728,1042.42,12.22349906,SMART AUTO ENTRY
BTCUSDT,DEMO,BUY,78286.66,1779181755,1197.03,0.01529034,AUTO ENTRY via dip_recovery
SOLUSDT,DEMO,SELL,86.29,1779181788,1054.77,12.22349906,SMART TAKE PROFIT +0.5%
BTCUSDT,DEMO,SELL,77222.61,1779181815,1180.76,0.01529034,AUTO STOP LOSS -1.05%
ETHUSDT,DEMO,BUY,2190.49,1779181815,1180.76,0.53903921,AUTO ENTRY via dip_recovery
SOLUSDT,DEMO,BUY,86.07,1779181848,1054.77,12.25479261,SMART AUTO ENTRY
ETHUSDT,DEMO,SELL,2177.08,1779181875,1173.53,0.53903921,AUTO TAKE PROFIT +2.10%
SOLUSDT,DEMO,BUY,84.84,1779181875,1173.53,13.83227251,AUTO ENTRY via dip_recovery
SOLUSDT,DEMO,SELL,87.64,1779181908,1074.01,12.25479261,SMART STOP LOSS -0.35%
SOLUSDT,DEMO,SELL,86.71,1779181995,1199.4,13.83227251,AUTO TAKE PROFIT +2.90%
ETHUSDT,DEMO,BUY,2182.43,1779182055,1199.4,0.54957089,AUTO ENTRY via dip_recovery
ETHUSDT,DEMO,SELL,2243.05,1779182115,1232.71,0.54957089,AUTO TAKE PROFIT +1.35%
SOLUSDT,DEMO,BUY,85.35,1779182115,1232.71,14.44299941,AUTO ENTRY via dip_recovery
BTCUSDT,DEMO,BUY,77187.27,1779182148,1074.01,0.01391434,SMART AUTO ENTRY
SOLUSDT,DEMO,SELL,87.68,1779182175,1266.36,14.44299941,AUTO STOP LOSS -0.93%
BTCUSDT,DEMO,BUY,78602.72,1779182235,1266.36,0.01611089,AUTO ENTRY via dip_recovery
BTCUSDT,DEMO,SELL,79076.25,1779182268,1100.29,0.01391434,SMART TAKE PROFIT +0.5%
SOLUSDT,DEMO,BUY,86.92,1779182268,1100.29,12.65865163,SMART AUTO ENTRY
SOLUSDT,DEMO,SELL,85.58,1779182328,1083.33,12.65865163,SMART STOP LOSS -0.35%
BTCUSDT,DEMO,SELL,77914.31,1779182355,1255.27,0.01611089,AUTO STOP LOSS -2.17%
ETHUSDT,DEMO,BUY,2209.92,1779182355,1255.27,0.56801604,AUTO ENTRY via dip_recovery
SOLUSDT,DEMO,BUY,86.13,1779182388,1083.33,12.57784744,SMART AUTO ENTRY
ETHUSDT,DEMO,SELL,2159.86,1779182415,1226.84,0.56801604,AUTO STOP LOSS -1.33%
SOLUSDT,DEMO,BUY,85.49,1779182415,1226.84,14.35068429,AUTO ENTRY via dip_recovery
SOLUSDT,DEMO,SELL,85.12,1779182448,1070.63,12.57784744,SMART STOP LOSS -0.35%
SOLUSDT,DEMO,SELL,87.65,1779182535,1257.84,14.35068429,AUTO STOP LOSS -1.09%
BTCUSDT,DEMO,BUY,78899.39,1779182595,1257.84,0.01594233,AUTO ENTRY via dip_recovery
BTCUSDT,DEMO,BUY,77192.52,1779182628,1070.63,0.01386961,SMART AUTO ENTRY
BTCUSDT,DEMO,SELL,78938.94,1779182655,1258.47,0.01594233,AUTO TAKE PROFIT +0.60%
ETHUSDT,DEMO,BUY,2204.33,1779182655,1258.47,0.57090817,AUTO ENTRY via dip_recovery
ETHUSDT,DEMO,SELL,2192.88,1779182715,1251.93,0.57090817,AUTO TAKE PROFIT +1.45%
BTCUSDT,DEMO,SELL,77519.03,1779182748,1075.16,0.01386961,SMART TAKE PROFIT +0.5%
BTCUSDT,DEMO,BUY,78304.21,1779182775,1251.93,0.01598803,AUTO ENTRY via dip_recovery
BTCUSDT,DEMO,SELL,79621.34,1779182835,1272.99,0.01598803,AUTO TAKE PROFIT +0.84%
ETHUSDT,DEMO,BUY,2169.87,1779182835,1272.99,0.58666648,AUTO ENTRY via dip_recovery
ETHUSDT,DEMO,SELL,2183.14,1779182895,1280.78,0.58666648,AUTO TAKE PROFIT +2.90%
SOLUSDT,DEMO,BUY,84.83,1779182896,1280.78,15.09819639,AUTO ENTRY via dip_recovery
BTCUSDT,DEMO,BUY,79660.7,1779182928,1075.16,0.01349674,SMART AUTO ENTRY
SOLUSDT,DEMO,SELL,84.64,1779182956,1277.91,15.09819639,AUTO TAKE PROFIT +0.97%
BTCUSDT,DEMO,SELL,77771.56,1779182988,1049.66,0.01349674,SMART STOP LOSS -0.35%
SOLUSDT,DEMO,BUY,85.32,1779182988,1049.66,12.30262541,SMART AUTO ENTRY
BTCUSDT,DEMO,BUY,77307.52,1779183016,1277.91,0.01653022,AUTO ENTRY via dip_recovery
SOLUSDT,DEMO,SELL,84.7,1779183048,1042.03,12.30262541,SMART STOP LOSS -0.35%
BTCUSDT,DEMO,BUY,78733.2,1779183108,1042.03,0.01323495,SMART AUTO ENTRY
BTCUSDT,DEMO,SELL,77854.96,1779183136,1286.96,0.01653022,AUTO TAKE PROFIT +1.36%
ETHUSDT,DEMO,BUY,2159.91,1779183136,1286.96,0.59583964,AUTO ENTRY via ema_cross_uptrend
BTCUSDT,DEMO,SELL,77898.31,1779183168,1030.98,0.01323495,SMART TAKE PROFIT +0.5%
ETHUSDT,DEMO,SELL,2208.27,1779183256,1315.77,0.59583964,AUTO TAKE PROFIT +0.87%
SOLUSDT,DEMO,BUY,86.71,1779183256,1315.77,15.17437435,AUTO ENTRY via dip_recovery
SOLUSDT,DEMO,SELL,85.52,1779183316,1297.71,15.17437435,AUTO STOP LOSS -2.01%
BTCUSDT,DEMO,BUY,79963.8,1779183376,1297.71,0.01622872,AUTO ENTRY via dip_recovery
BTCUSDT,DEMO,SELL,78517.83,1779183436,1274.24,0.01622872,AUTO STOP LOSS -1.15%
ETHUSDT,DEMO,BUY,2230.08,1779183436,1274.24,0.57138757,AUTO ENTRY via dip_recovery
ETHUSDT,DEMO,SELL,2237.07,1779183496,1278.23,0.57138757,AUTO STOP LOSS -1.35%
SOLUSDT,DEMO,BUY,86.62,1779183496,1278.23,14.75675364,AUTO ENTRY via dip_recovery
SOLUSDT,DEMO,BUY,86.83,1779183529,1030.98,11.87354601,SMART AUTO ENTRY
SOLUSDT,DEMO,SELL,85.58,1779183556,1262.88,14.75675364,AUTO STOP LOSS -0.43%
SOLUSDT,DEMO,SELL,85.4,1779183589,1014.0,11.87354601,SMART STOP LOSS -0.35%
BTCUSDT,DEMO,BUY,79033.15,1779183616,1262.88,0.01597912,AUTO ENTRY via dip_recovery
BTCUSDT,DEMO,SELL,78240.63,1779183619,1250.22,0.01597912,AUTO STOP LOSS -2.63%
ETHUSDT,DEMO,BUY,2237.23,1779183619,1250.22,0.55882498,AUTO ENTRY via dip_recovery
ETHUSDT,DEMO,BUY,2201.43,1779183649,1014.0,0.46060969,SMART AUTO ENTRY
ETHUSDT,DEMO,SELL,2238.25,1779183709,1030.96,0.46060969,SMART STOP LOSS -0.35%
BTCUSDT,DEMO,SELL,77620.86,1779183736,1240.31,0.01597912,AUTO STOP LOSS -2.57%
ETHUSDT,DEMO,BUY,2162.04,1779183736,1240.31,0.57367579,AUTO ENTRY via dip_recovery
ETHUSDT,DEMO,SELL,2195.72,1779183739,1227.02,0.55882498,AUTO STOP LOSS -0.72%
SOLUSDT,DEMO,BUY,86.7,1779183739,1227.02,14.15247982,AUTO ENTRY via dip_recovery
BTCUSDT,DEMO,BUY,78566.78,1779183769,1030.96,0.01312209,SMART AUTO ENTRY
ETHUSDT,DEMO,SELL,2234.52,1779183796,1281.89,0.57367579,AUTO TAKE PROFIT +2.18%
SOLUSDT,DEMO,BUY,87.22,1779183796,1281.89,14.69720248,AUTO ENTRY via dip_recovery
SOLUSDT,DEMO,SELL,85.84,1779183799,1214.85,14.15247982,AUTO STOP LOSS -2.06%
BTCUSDT,DEMO,SELL,77389.38,1779183829,1015.51,0.01312209,SMART STOP LOSS -0.35%
SOLUSDT,DEMO,SELL,86.1,1779183856,1265.43,14.69720248,AUTO STOP LOSS -1.52%
BTCUSDT,DEMO,BUY,79359.69,1779183859,1214.85,0.01530815,AUTO ENTRY via ema_cross_uptrend
BTCUSDT,DEMO,BUY,79686.84,1779183916,1265.43,0.01588004,AUTO ENTRY via dip_recovery
BTCUSDT,DEMO,SELL,79533.84,1779183976,1263.0,0.01588004,AUTO STOP LOSS -2.07%
ETHUSDT,DEMO,BUY,2176.56,1779183976,1263.0,0.58027346,AUTO ENTRY via dip_recovery
BTCUSDT,DEMO,SELL,77186.7,1779183979,1181.59,0.01530815,AUTO STOP LOSS -0.34%
ETHUSDT,DEMO,BUY,2174.99,1779183979,1181.59,0.54326227,AUTO ENTRY via dip_recovery
ETHUSDT,DEMO,SELL,2221.77,1779184036,1289.23,0.58027346,AUTO TAKE PROFIT +2.68%
SOLUSDT,DEMO,BUY,85.13,1779184036,1289.23,15.14424997,AUTO ENTRY via dip_recovery
ETHUSDT,DEMO,SELL,2224.11,1779184039,1208.28,0.54326227,AUTO TAKE PROFIT +2.79%
SOLUSDT,DEMO,BUY,84.39,1779184039,1208.28,14.31781017,AUTO ENTRY via dip_recovery
SOLUSDT,DEMO,SELL,86.23,1779184096,1305.89,15.14424997,AUTO STOP LOSS -0.90%
SOLUSDT,DEMO,SELL,84.96,1779184099,1216.44,14.31781017,AUTO TAKE PROFIT +1.92%
BTCUSDT,DEMO,BUY,79113.11,1779184129,1015.51,0.01283618,SMART AUTO ENTRY
BTCUSDT,DEMO,BUY,78211.14,1779184156,1305.89,0.01669698,AUTO ENTRY via dip_recovery
BTCUSDT,DEMO,BUY,79252.69,1779184160,1216.44,0.01534888,AUTO ENTRY via dip_recovery
BTCUSDT,DEMO,SELL,79882.01,1779184217,1333.79,0.01669698,AUTO STOP LOSS -1.23%
ETHUSDT,DEMO,BUY,2242.08,1779184217,1333.79,0.59488957,AUTO ENTRY via ema_cross_uptrend
BTCUSDT,DEMO,SELL,77666.55,1779184220,1192.09,0.01534888,AUTO TAKE PROFIT +0.51%
ETHUSDT,DEMO,BUY,2173.69,1779184220,1192.09,0.54841767,AUTO ENTRY via ema_cross_uptrend
BTCUSDT,DEMO,SELL,77172.99,1779184249,990.61,0.01283618,SMART STOP LOSS -0.35%
ETHUSDT,DEMO,SELL,2230.11,1779184277,1326.67,0.59488957,AUTO STOP LOSS -1.79%
SOLUSDT,DEMO,BUY,85.05,1779184277,1326.67,15.59870664,AUTO ENTRY via dip_recovery
SOLUSDT,DEMO,SELL,87.52,1779184337,1365.2,15.59870664,AUTO STOP LOSS -0.83%
ETHUSDT,DEMO,SELL,2184.71,1779184340,1198.13,0.54841767,AUTO TAKE PROFIT +1.50%
SOLUSDT,DEMO,BUY,86.43,1779184340,1198.13,13.86243203,AUTO ENTRY via ema_cross_uptrend
ETHUSDT,DEMO,BUY,2229.56,1779184369,990.61,0.4443074,SMART AUTO ENTRY
SOLUSDT,DEMO,BUY,85.42,1779184397,1365.2,15.98220557,AUTO ENTRY via dip_recovery
SOLUSDT,DEMO,SELL,87.47,1779184400,1212.55,13.86243203,AUTO STOP LOSS -1.05%
ETHUSDT,DEMO,SELL,2188.85,1779184429,972.52,0.4443074,SMART STOP LOSS -0.35%
SOLUSDT,DEMO,SELL,86.63,1779184457,1384.54,15.98220557,AUTO STOP LOSS -0.78%
BTCUSDT,DEMO,BUY,79123.62,1779184460,1212.55,0.01532475,AUTO ENTRY via dip_recovery
BTCUSDT,DEMO,BUY,77255.62,1779184517,1384.54,0.01792154,AUTO ENTRY via dip_recovery
BTCUSDT,DEMO,SELL,77702.98,1779184520,1190.78,0.01532475,AUTO STOP LOSS -0.56%
ETHUSDT,DEMO,BUY,2160.11,1779184520,1190.78,0.55125896,AUTO ENTRY via ema_cross_uptrend
BTCUSDT,DEMO,BUY,79338.33,1779184549,972.52,0.01225788,SMART AUTO ENTRY
BTCUSDT,DEMO,SELL,78214.0,1779184577,1401.72,0.01792154,AUTO TAKE PROFIT +1.79%
ETHUSDT,DEMO,BUY,2157.83,1779184577,1401.72,0.64959705,AUTO ENTRY via dip_recovery
ETHUSDT,DEMO,SELL,2187.88,1779184580,1206.09,0.55125896,AUTO TAKE PROFIT +0.56%
BTCUSDT,DEMO,SELL,79510.96,1779184609,974.64,0.01225788,SMART STOP LOSS -0.35%
ETHUSDT,DEMO,SELL,2160.18,1779184637,1403.25,0.64959705,AUTO TAKE PROFIT +3.13%
SOLUSDT,DEMO,BUY,86.38,1779184637,1403.25,16.24507988,AUTO ENTRY via ema_cross_uptrend
BTCUSDT,DEMO,BUY,79670.94,1779184640,1206.09,0.01513839,AUTO ENTRY via dip_recovery
SOLUSDT,DEMO,SELL,85.66,1779184697,1391.55,16.24507988,AUTO STOP LOSS -1.19%
BTCUSDT,DEMO,SELL,79294.23,1779184700,1200.39,0.01513839,AUTO STOP LOSS -0.35%
SOLUSDT,DEMO,BUY,86.59,1779184700,1200.39,13.8629172,AUTO ENTRY via dip_recovery
BTCUSDT,DEMO,BUY,78214.32,1779184730,974.64,0.01246115,SMART AUTO ENTRY
BTCUSDT,DEMO,BUY,78791.29,1779184757,1391.55,0.01766122,AUTO ENTRY via dip_recovery
SOLUSDT,DEMO,SELL,87.55,1779184760,1213.7,13.8629172,AUTO STOP LOSS -0.76%
BTCUSDT,DEMO,SELL,78022.88,1779184790,972.25,0.01246115,SMART STOP LOSS -0.35%
BTCUSDT,DEMO,SELL,78892.88,1779184817,1393.34,0.01766122,AUTO TAKE PROFIT +1.29%
ETHUSDT,DEMO,BUY,2239.7,1779184817,1393.34,0.6221101,AUTO ENTRY via dip_recovery
BTCUSDT,DEMO,BUY,78527.72,1779184820,1213.7,0.01545569,AUTO ENTRY via dip_recovery
ETHUSDT,DEMO,SELL,2168.06,1779184877,1348.77,0.6221101,AUTO STOP LOSS -3.30%
BTCUSDT,DEMO,SELL,79575.28,1779184880,1229.89,0.01545569,AUTO TAKE PROFIT +1.13%
ETHUSDT,DEMO,BUY,2218.98,1779184880,1229.89,0.55425916,AUTO ENTRY via dip_recovery
SOLUSDT,DEMO,BUY,85.67,1779184910,972.25,11.3487802,SMART AUTO ENTRY
ETHUSDT,DEMO,BUY,2206.86,1779184937,1348.77,0.61117153,AUTO ENTRY via dip_recovery
ETHUSDT,DEMO,SELL,2174.99,1779184940,1205.51,0.55425916,AUTO STOP LOSS -1.94%
SOLUSDT,DEMO,BUY,84.78,1779184940,1205.51,14.21927341,AUTO ENTRY via dip_recovery
SOLUSDT,DEMO,SELL,86.91,1779184970,986.32,11.3487802,SMART TAKE PROFIT +0.5%
ETHUSDT,DEMO,SELL,2203.65,1779184997,1346.81,0.61117153,AUTO STOP LOSS -2.12%
SOLUSDT,DEMO,SELL,86.0,1779185000,1222.86,14.21927341,AUTO TAKE PROFIT +2.36%
BTCUSDT,DEMO,BUY,79288.51,1779185030,986.32,0.01243963,SMART AUTO ENTRY
SOLUSDT,DEMO,BUY,84.29,1779185057,1346.81,15.97828924,AUTO ENTRY via dip_recovery
BTCUSDT,DEMO,BUY,79251.9,1779185060,1222.86,0.01543004,AUTO ENTRY via dip_recovery
SOLUSDT,DEMO,SELL,85.27,1779185117,1362.47,15.97828924,AUTO TAKE PROFIT +3.82%
BTCUSDT,DEMO,SELL,78584.41,1779185120,1212.56,0.01543004,AUTO STOP LOSS -1.61%
ETHUSDT,DEMO,BUY,2178.92,1779185120,1212.56,0.55649588,AUTO ENTRY via dip_recovery
BTCUSDT,DEMO,SELL,79758.74,1779185150,992.17,0.01243963,SMART STOP LOSS -0.35%
ETHUSDT,DEMO,BUY,2174.9,1779185150,992.17,0.45619109,SMART AUTO ENTRY
ETHUSDT,DEMO,BUY,2174.61,1779185177,1362.47,0.62653533,AUTO ENTRY via ema_cross_uptrend
ETHUSDT,DEMO,SELL,2173.5,1779185180,1209.54,0.55649588,AUTO TAKE PROFIT +2.06%
SOLUSDT,DEMO,BUY,86.49,1779185180,1209.54,13.98473812,AUTO ENTRY via dip_recovery
ETHUSDT,DEMO,SELL,2243.69,1779185210,1023.55,0.45619109,SMART TAKE PROFIT +0.5%
ETHUSDT,DEMO,SELL,2219.71,1779185237,1390.73,0.62653533,AUTO TAKE PROFIT +0.69%
SOLUSDT,DEMO,BUY,84.33,1779185237,1390.73,16.4915214,AUTO ENTRY via dip_recovery
SOLUSDT,DEMO,SELL,85.59,1779185297,1411.51,16.4915214,AUTO TAKE PROFIT +1.74%
SOLUSDT,DEMO,SELL,85.66,1779185300,1197.93,13.98473812,AUTO STOP LOSS -2.42%
BTCUSDT,DEMO,BUY,77617.16,1779185357,1411.51,0.01818554,AUTO ENTRY via dip_recovery
BTCUSDT,DEMO,BUY,79461.63,1779185360,1197.93,0.01507558,AUTO ENTRY via dip_recovery
BTCUSDT,DEMO,SELL,79046.24,1779185417,1437.5,0.01818554,AUTO STOP LOSS -0.63%
BTCUSDT,DEMO,SELL,78180.98,1779185420,1178.62,0.01507558,AUTO STOP LOSS -1.66%
ETHUSDT,DEMO,BUY,2225.63,1779185420,1178.62,0.52956691,AUTO ENTRY via dip_recovery
BTCUSDT,DEMO,BUY,79333.82,1779185450,1023.55,0.01290181,SMART AUTO ENTRY
BTCUSDT,DEMO,BUY,79644.76,1779185478,1437.5,0.0180489,AUTO ENTRY via dip_recovery
ETHUSDT,DEMO,SELL,2198.81,1779185481,1164.42,0.52956691,AUTO TAKE PROFIT +0.52%
SOLUSDT,DEMO,BUY,86.51,1779185481,1164.42,13.45994683,AUTO ENTRY via dip_recovery
BTCUSDT,DEMO,SELL,79017.21,1779185510,1019.47,0.01290181,SMART STOP LOSS -0.35%
ETHUSDT,DEMO,BUY,2156.92,1779185510,1019.47,0.47265082,SMART AUTO ENTRY
SOLUSDT,DEMO,SELL,86.55,1779185541,1164.96,13.45994683,AUTO STOP LOSS -0.92%
BTCUSDT,DEMO,SELL,78311.91,1779185598,1413.44,0.0180489,AUTO STOP LOSS -1.29%
ETHUSDT,DEMO,BUY,2156.18,1779185598,1413.44,0.65552969,AUTO ENTRY via dip_recovery
BTCUSDT,DEMO,BUY,78820.3,1779185601,1164.96,0.01477995,AUTO ENTRY via dip_recovery
ETHUSDT,DEMO,SELL,2225.33,1779185630,1051.8,0.47265082,SMART TAKE PROFIT +0.5%
ETHUSDT,DEMO,SELL,2182.15,1779185658,1430.46,0.65552969,AUTO TAKE PROFIT +1.78%
SOLUSDT,DEMO,BUY,87.09,1779185658,1430.46,16.42507751,AUTO ENTRY via dip_recovery
BTCUSDT,DEMO,SELL,78514.33,1779185661,1160.44,0.01477995,AUTO TAKE PROFIT +0.87%
ETHUSDT,DEMO,BUY,2158.98,1779185661,1160.44,0.53749456,AUTO ENTRY via ema_cross_uptrend
SOLUSDT,DEMO,SELL,86.98,1779185718,1428.65,16.42507751,AUTO STOP LOSS -3.18%
ETHUSDT,DEMO,SELL,2180.5,1779185721,1172.01,0.53749456,AUTO TAKE PROFIT +3.90%
SOLUSDT,DEMO,BUY,86.22,1779185751,1051.8,12.19902575,SMART AUTO ENTRY
ETHUSDT,DEMO,BUY,2176.64,1779185778,1428.65,0.65635567,AUTO ENTRY via dip_recovery
BTCUSDT,DEMO,BUY,77498.95,1779185781,1172.01,0.01512291,AUTO ENTRY via dip_recovery
SOLUSDT,DEMO,SELL,85.31,1779185811,1040.7,12.19902575,SMART STOP LOSS -0.35%
ETHUSDT,DEMO,SELL,2227.66,1779185838,1462.14,0.65635567,AUTO TAKE PROFIT +1.74%
SOLUSDT,DEMO,BUY,85.67,1779185838,1462.14,17.06711801,AUTO ENTRY via dip_recovery
BTCUSDT,DEMO,SELL,79799.7,1779185841,1206.8,0.01512291,AUTO TAKE PROFIT +2.92%
ETHUSDT,DEMO,BUY,2156.77,1779185841,1206.8,0.55954042,AUTO ENTRY via dip_recovery
SOLUSDT,DEMO,SELL,84.82,1779185898,1447.63,17.06711801,AUTO STOP LOSS -1.18%
ETHUSDT,DEMO,SELL,2178.15,1779185901,1218.76,0.55954042,AUTO TAKE PROFIT +2.30%
SOLUSDT,DEMO,BUY,84.98,1779185901,1218.76,14.34172747,AUTO ENTRY via dip_recovery
BTCUSDT,DEMO,BUY,79532.78,1779185958,1447.63,0.01820168,AUTO ENTRY via dip_recovery
SOLUSDT,DEMO,SELL,84.79,1779185961,1216.04,14.34172747,AUTO TAKE PROFIT +1.67%
BTCUSDT,DEMO,SELL,78720.96,1779186018,1432.85,0.01820168,AUTO STOP LOSS -0.37%
BTCUSDT,DEMO,BUY,79107.96,1779186021,1216.04,0.0153719,AUTO ENTRY via dip_recovery
ETHUSDT,DEMO,BUY,2239.2,1779186078,1432.85,0.63989371,AUTO ENTRY via dip_recovery
BTCUSDT,DEMO,SELL,79277.87,1779186081,1218.65,0.0153719,AUTO TAKE PROFIT +0.99%
ETHUSDT,DEMO,BUY,2234.84,1779186081,1218.65,0.54529631,AUTO ENTRY via dip_recovery
ETHUSDT,DEMO,SELL,2164.62,1779186138,1385.13,0.63989371,AUTO STOP LOSS -2.25%
SOLUSDT,DEMO,BUY,87.67,1779186138,1385.13,15.79936124,AUTO ENTRY via dip_recovery
ETHUSDT,DEMO,SELL,2226.41,1779186141,1214.05,0.54529631,AUTO STOP LOSS -1.70%
SOLUSDT,DEMO,SELL,87.7,1779186198,1385.6,15.79936124,AUTO STOP LOSS -0.76%
SOLUSDT,DEMO,BUY,84.71,1779186201,1214.05,14.33183804,AUTO ENTRY via ema_cross_uptrend
BTCUSDT,DEMO,BUY,79070.79,1779186258,1385.6,0.01752354,AUTO ENTRY via dip_recovery
SOLUSDT,DEMO,SELL,84.64,1779186261,1213.05,14.33183804,AUTO TAKE PROFIT +0.64%
BTCUSDT,DEMO,BUY,77852.63,1779186291,1040.7,0.01336756,SMART AUTO ENTRY
BTCUSDT,DEMO,SELL,77985.28,1779186318,1366.58,0.01752354,AUTO STOP LOSS -1.24%
ETHUSDT,DEMO,BUY,2179.32,1779186318,1366.58,0.62706716,AUTO ENTRY via dip_recovery
BTCUSDT,DEMO,BUY,79315.73,1779186321,1213.05,0.01529394,AUTO ENTRY via dip_recovery
ETHUSDT,DEMO,SELL,2218.94,1779186378,1391.42,0.62706716,AUTO STOP LOSS -0.53%
BTCUSDT,DEMO,SELL,78903.23,1779186381,1206.74,0.01529394,AUTO TAKE PROFIT +0.82%
ETHUSDT,DEMO,BUY,2183.16,1779186381,1206.74,0.55274923,AUTO ENTRY via dip_recovery
BTCUSDT,DEMO,BUY,79265.48,1779186438,1391.42,0.01755392,AUTO ENTRY via dip_recovery
ETHUSDT,DEMO,SELL,2216.34,1779186441,1225.08,0.55274923,AUTO TAKE PROFIT +1.55%
SOLUSDT,DEMO,BUY,84.6,1779186441,1225.08,14.48085106,AUTO ENTRY via dip_recovery
BTCUSDT,DEMO,SELL,79609.03,1779186498,1397.45,0.01755392,AUTO STOP LOSS -2.10%
SOLUSDT,DEMO,BUY,84.78,1779186498,1397.45,16.48325077,AUTO ENTRY via dip_recovery
SOLUSDT,DEMO,SELL,86.44,1779186501,1251.72,14.48085106,AUTO TAKE PROFIT +0.83%
BTCUSDT,DEMO,SELL,79713.32,1779186531,1065.57,0.01336756,SMART TAKE PROFIT +0.5%
SOLUSDT,DEMO,SELL,86.33,1779186558,1423.0,16.48325077,AUTO TAKE PROFIT +2.67%
ETHUSDT,DEMO,BUY,2196.74,1779186561,1251.72,0.56980799,AUTO ENTRY via dip_recovery
ETHUSDT,DEMO,BUY,2227.49,1779186619,1423.0,0.63883564,AUTO ENTRY via ema_cross_uptrend
ETHUSDT,DEMO,BUY,2243.38,1779186651,1065.57,0.47498418,SMART AUTO ENTRY
ETHUSDT,DEMO,SELL,2226.38,1779186679,1422.29,0.63883564,AUTO TAKE PROFIT +0.60%
SOLUSDT,DEMO,BUY,85.08,1779186679,1422.29,16.7170898,AUTO ENTRY via dip_recovery
ETHUSDT,DEMO,SELL,2220.68,1779186681,1265.36,0.56980799,AUTO TAKE PROFIT +1.50%
SOLUSDT,DEMO,BUY,85.9,1779186681,1265.36,14.730617,AUTO ENTRY via dip_recovery
ETHUSDT,DEMO,SELL,2191.91,1779186711,1041.12,0.47498418,SMART STOP LOSS -0.35%
SOLUSDT,DEMO,SELL,86.65,1779186739,1448.54,16.7170898,AUTO TAKE PROFIT +2.48%
BTCUSDT,DEMO,BUY,78172.44,1779186799,1448.54,0.01853006,AUTO ENTRY via dip_recovery
SOLUSDT,DEMO,SELL,87.58,1779186801,1290.11,14.730617,AUTO TAKE PROFIT +1.39%
BTCUSDT,DEMO,BUY,79270.35,1779186832,1041.12,0.01313379,SMART AUTO ENTRY
BTCUSDT,DEMO,SELL,78847.24,1779186859,1461.04,0.01853006,AUTO STOP LOSS -0.35%
ETHUSDT,DEMO,BUY,2201.37,1779186859,1461.04,0.66369579,AUTO ENTRY via dip_recovery
BTCUSDT,DEMO,BUY,79640.52,1779186861,1290.11,0.01619917,AUTO ENTRY via dip_recovery
BTCUSDT,DEMO,SELL,77376.47,1779186892,1016.25,0.01313379,SMART STOP LOSS -0.35%
ETHUSDT,DEMO,SELL,2176.77,1779186919,1444.71,0.66369579,AUTO STOP LOSS -1.03%
SOLUSDT,DEMO,BUY,86.23,1779186919,1444.71,16.75414589,AUTO ENTRY via dip_recovery
BTCUSDT,DEMO,SELL,79055.31,1779186921,1280.63,0.01619917,AUTO STOP LOSS -1.80%
SOLUSDT,DEMO,SELL,86.31,1779186979,1446.05,16.75414589,AUTO STOP LOSS -2.02%
BTCUSDT,DEMO,BUY,77830.38,1779186982,1280.63,0.01645411,AUTO ENTRY via dip_recovery
BTCUSDT,DEMO,BUY,77272.01,1779187039,1446.05,0.01871376,AUTO ENTRY via ema_cross_uptrend
BTCUSDT,DEMO,BUY,78744.8,1779187072,1016.25,0.01290561,SMART AUTO ENTRY
BTCUSDT,DEMO,SELL,76874.26,1779187099,1438.61,0.01871376,AUTO TAKE PROFIT +0.83%
SOLUSDT,DEMO,BUY,86.12,1779187099,1438.61,16.70471435,AUTO ENTRY via dip_recovery
BTCUSDT,DEMO,SELL,76944.22,1779187102,1266.05,0.01645411,AUTO TAKE PROFIT +0.60%
ETHUSDT,DEMO,BUY,2194.64,1779187102,1266.05,0.57688277,AUTO ENTRY via dip_recovery
SOLUSDT,DEMO,SELL,86.1,1779187159,1438.28,16.70471435,AUTO STOP LOSS -1.64%
ETHUSDT,DEMO,SELL,2199.37,1779187162,1268.78,0.57688277,AUTO STOP LOSS -0.42%
SOLUSDT,DEMO,BUY,84.67,1779187162,1268.78,14.98500059,AUTO ENTRY via dip_recovery
BTCUSDT,DEMO,SELL,79224.81,1779187192,1022.44,0.01290561,SMART TAKE PROFIT +0.5%
ETHUSDT,DEMO,BUY,2175.13,1779187219,1438.28,0.66123864,AUTO ENTRY via dip_recovery
ETHUSDT,DEMO,SELL,2243.6,1779187279,1483.56,0.66123864,AUTO STOP LOSS -0.31%
SOLUSDT,DEMO,BUY,85.1,1779187279,1483.56,17.43313749,AUTO ENTRY via dip_recovery
SOLUSDT,DEMO,SELL,86.84,1779187282,1301.3,14.98500059,AUTO TAKE PROFIT +2.74%
SOLUSDT,DEMO,SELL,86.98,1779187339,1516.33,17.43313749,AUTO TAKE PROFIT +2.75%
SOLUSDT,DEMO,BUY,86.05,1779187342,1301.3,15.12260314,AUTO ENTRY via dip_recovery
ETHUSDT,DEMO,BUY,2226.75,1779187372,1022.44,0.45916246,SMART AUTO ENTRY
BTCUSDT,DEMO,BUY,77892.78,1779187399,1516.33,0.01946689,AUTO ENTRY via dip_recovery
SOLUSDT,DEMO,SELL,87.6,1779187402,1324.74,15.12260314,AUTO TAKE PROFIT +1.48%
ETHUSDT,DEMO,BUY,2213.07,1779187462,1324.74,0.59859833,AUTO ENTRY via dip_recovery
ETHUSDT,DEMO,SELL,2223.11,1779187492,1020.77,0.45916246,SMART STOP LOSS -0.35%
SOLUSDT,DEMO,BUY,87.1,1779187492,1020.77,11.7195178,SMART AUTO ENTRY
BTCUSDT,DEMO,SELL,77061.93,1779187519,1500.16,0.01946689,AUTO STOP LOSS -0.77%
ETHUSDT,DEMO,BUY,2177.44,1779187519,1500.16,0.68895584,AUTO ENTRY via ema_cross_uptrend
ETHUSDT,DEMO,SELL,2241.9,1779187522,1342.0,0.59859833,AUTO TAKE PROFIT +0.69%
SOLUSDT,DEMO,BUY,86.06,1779187522,1342.0,15.59377179,AUTO ENTRY via dip_recovery
SOLUSDT,DEMO,SELL,86.89,1779187552,1018.31,11.7195178,SMART STOP LOSS -0.35%
ETHUSDT,DEMO,SELL,2233.83,1779187579,1539.01,0.68895584,AUTO TAKE PROFIT +0.63%
SOLUSDT,DEMO,SELL,85.86,1779187582,1338.88,15.59377179,AUTO TAKE PROFIT +1.77%
BTCUSDT,DEMO,BUY,79841.51,1779187639,1539.01,0.01927581,AUTO ENTRY via dip_recovery
BTCUSDT,DEMO,BUY,78939.69,1779187642,1338.88,0.0169608,AUTO ENTRY via dip_recovery
BTCUSDT,DEMO,SELL,77843.54,1779187699,1500.5,0.01927581,AUTO STOP LOSS -1.33%
BTCUSDT,DEMO,SELL,79667.33,1779187702,1351.22,0.0169608,AUTO STOP LOSS -0.76%
SOLUSDT,DEMO,BUY,84.74,1779187702,1351.22,15.94548029,AUTO ENTRY via dip_recovery
BTCUSDT,DEMO,BUY,79039.25,1779187732,1018.31,0.0128836,SMART AUTO ENTRY
BTCUSDT,DEMO,BUY,77749.53,1779187759,1500.5,0.01929915,AUTO ENTRY via dip_recovery
SOLUSDT,DEMO,SELL,85.84,1779187762,1368.76,15.94548029,AUTO TAKE PROFIT +1.36%
BTCUSDT,DEMO,SELL,78417.24,1779187792,1010.3,0.0128836,SMART STOP LOSS -0.35%
BTCUSDT,DEMO,SELL,78424.51,1779187819,1513.53,0.01929915,AUTO TAKE PROFIT +1.06%
ETHUSDT,DEMO,BUY,2224.48,1779187820,1513.53,0.68039722,AUTO ENTRY via ema_cross_uptrend
BTCUSDT,DEMO,BUY,77774.52,1779187822,1368.76,0.01759908,AUTO ENTRY via dip_recovery
ETHUSDT,DEMO,SELL,2218.22,1779187880,1509.27,0.68039722,AUTO TAKE PROFIT +0.58%
BTCUSDT,DEMO,SELL,78473.87,1779187882,1381.07,0.01759908,AUTO STOP LOSS -0.46%
ETHUSDT,DEMO,BUY,2168.62,1779187882,1381.07,0.63684278,AUTO ENTRY via dip_recovery
BTCUSDT,DEMO,BUY,78239.07,1779187913,1010.3,0.01291299,SMART AUTO ENTRY
BTCUSDT,DEMO,BUY,79637.29,1779187940,1509.27,0.0189518,AUTO ENTRY via dip_recovery
ETHUSDT,DEMO,SELL,2174.66,1779187942,1384.92,0.63684278,AUTO TAKE PROFIT +1.29%
SOLUSDT,DEMO,BUY,87.24,1779187942,1384.92,15.87482806,AUTO ENTRY via dip_recovery
BTCUSDT,DEMO,SELL,77024.62,1779187973,994.62,0.01291299,SMART STOP LOSS -0.35%
BTCUSDT,DEMO,SELL,78807.63,1779188000,1493.55,0.0189518,AUTO STOP LOSS -1.17%
ETHUSDT,DEMO,BUY,2209.7,1779188000,1493.55,0.67590623,AUTO ENTRY via dip_recovery
SOLUSDT,DEMO,SELL,86.11,1779188002,1366.98,15.87482806,AUTO STOP LOSS -2.77%
ETHUSDT,DEMO,SELL,2202.2,1779188060,1488.48,0.67590623,AUTO STOP LOSS -1.14%
SOLUSDT,DEMO,BUY,84.92,1779188060,1488.48,17.52802638,AUTO ENTRY via ema_cross_uptrend
BTCUSDT,DEMO,BUY,79684.94,1779188062,1366.98,0.01715481,AUTO ENTRY via dip_recovery
SOLUSDT,DEMO,SELL,85.59,1779188120,1500.22,17.52802638,AUTO TAKE PROFIT +0.55%
BTCUSDT,DEMO,SELL,78585.6,1779188123,1348.12,0.01715481,AUTO STOP LOSS -3.56%
ETHUSDT,DEMO,BUY,2237.43,1779188123,1348.12,0.60253058,AUTO ENTRY via dip_recovery
BTCUSDT,DEMO,BUY,78560.57,1779188180,1500.22,0.01909635,AUTO ENTRY via dip_recovery
ETHUSDT,DEMO,SELL,2166.37,1779188183,1305.3,0.60253058,AUTO STOP LOSS -0.79%
SOLUSDT,DEMO,BUY,85.8,1779188183,1305.3,15.21328671,AUTO ENTRY via dip_recovery
SOLUSDT,DEMO,BUY,87.61,1779188213,994.62,11.35281361,SMART AUTO ENTRY
SOLUSDT,DEMO,SELL,84.62,1779188273,960.68,11.35281361,SMART STOP LOSS -0.35%
BTCUSDT,DEMO,SELL,79642.19,1779188300,1520.88,0.01909635,AUTO STOP LOSS -1.10%
ETHUSDT,DEMO,BUY,2241.9,1779188300,1520.88,0.67838887,AUTO ENTRY via dip_recovery
SOLUSDT,DEMO,SELL,86.33,1779188303,1313.36,15.21328671,AUTO STOP LOSS -1.41%
ETHUSDT,DEMO,SELL,2242.41,1779188360,1521.23,0.67838887,AUTO STOP LOSS -2.89%
SOLUSDT,DEMO,BUY,85.65,1779188360,1521.23,17.76100409,AUTO ENTRY via dip_recovery
ETHUSDT,DEMO,BUY,2164.05,1779188363,1313.36,0.6068991,AUTO ENTRY via dip_recovery
SOLUSDT,DEMO,SELL,86.22,1779188420,1531.35,17.76100409,AUTO STOP LOSS -0.69%
ETHUSDT,DEMO,SELL,2156.11,1779188423,1308.54,0.6068991,AUTO TAKE PROFIT +2.75%
SOLUSDT,DEMO,BUY,87.15,1779188423,1308.54,15.01480207,AUTO ENTRY via dip_recovery
BTCUSDT,DEMO,BUY,79277.38,1779188453,960.68,0.01211796,SMART AUTO ENTRY
BTCUSDT,DEMO,BUY,78083.09,1779188480,1531.35,0.0196118,AUTO ENTRY via ema_cross_uptrend
SOLUSDT,DEMO,SELL,85.33,1779188483,1281.21,15.01480207,AUTO STOP LOSS -0.33%
BTCUSDT,DEMO,SELL,77671.22,1779188540,1523.27,0.0196118,AUTO STOP LOSS -1.29%
ETHUSDT,DEMO,BUY,2188.85,1779188540,1523.27,0.69592252,AUTO ENTRY via ema_cross_uptrend
BTCUSDT,DEMO,BUY,78029.33,1779188543,1281.21,0.0164196,AUTO ENTRY via dip_recovery
BTCUSDT,DEMO,SELL,77439.81,1779188573,938.41,0.01211796,SMART STOP LOSS -0.35%
ETHUSDT,DEMO,SELL,2202.71,1779188600,1532.92,0.69592252,AUTO TAKE PROFIT +2.45%
SOLUSDT,DEMO,BUY,87.6,1779188600,1532.92,17.49908676,AUTO ENTRY via dip_recovery
BTCUSDT,DEMO,SELL,78457.65,1779188603,1288.24,0.0164196,AUTO TAKE PROFIT +0.48%
ETHUSDT,DEMO,BUY,2230.63,1779188603,1288.24,0.57752294,AUTO ENTRY via dip_recovery
SOLUSDT,DEMO,SELL,86.57,1779188660,1514.9,17.49908676,AUTO STOP LOSS -0.81%
ETHUSDT,DEMO,SELL,2202.59,1779188663,1272.05,0.57752294,AUTO STOP LOSS -1.87%
SOLUSDT,DEMO,BUY,85.86,1779188663,1272.05,14.81539716,AUTO ENTRY via ema_cross_uptrend
BTCUSDT,DEMO,BUY,79197.1,1779188720,1514.9,0.01912823,AUTO ENTRY via dip_recovery
SOLUSDT,DEMO,SELL,86.67,1779188723,1284.05,14.81539716,AUTO TAKE PROFIT +0.99%
BTCUSDT,DEMO,SELL,79311.93,1779188780,1517.1,0.01912823,AUTO STOP LOSS -2.43%
ETHUSDT,DEMO,BUY,2164.73,1779188780,1517.1,0.70082643,AUTO ENTRY via dip_recovery
BTCUSDT,DEMO,BUY,77987.09,1779188783,1284.05,0.0164649,AUTO ENTRY via dip_recovery
ETHUSDT,DEMO,SELL,2224.74,1779188840,1559.16,0.70082643,AUTO TAKE PROFIT +0.67%
SOLUSDT,DEMO,BUY,84.76,1779188841,1559.16,18.39499764,AUTO ENTRY via dip_recovery
SOLUSDT,DEMO,SELL,85.38,1779188901,1570.56,18.39499764,AUTO TAKE PROFIT +2.06%
SOLUSDT,DEMO,BUY,85.42,1779188961,1570.56,18.38632639,AUTO ENTRY via dip_recovery
BTCUSDT,DEMO,SELL,79515.14,1779188963,1309.21,0.0164649,AUTO TAKE PROFIT +0.67%
ETHUSDT,DEMO,BUY,2198.23,1779188963,1309.21,0.59557462,AUTO ENTRY via dip_recovery
SOLUSDT,DEMO,SELL,86.36,1779189021,1587.84,18.38632639,AUTO TAKE PROFIT +1.22%
ETHUSDT,DEMO,SELL,2205.67,1779189023,1313.64,0.59557462,AUTO STOP LOSS -0.38%
SOLUSDT,DEMO,BUY,85.89,1779189023,1313.64,15.29444638,AUTO ENTRY via dip_recovery
BTCUSDT,DEMO,BUY,79339.38,1779189081,1587.84,0.02001326,AUTO ENTRY via dip_recovery
SOLUSDT,DEMO,SELL,85.16,1779189083,1302.48,15.29444638,AUTO TAKE PROFIT +0.99%
ETHUSDT,DEMO,BUY,2172.24,1779189092,26.0496,0.01199205,AUTO ENTRY (score:75)
BTCUSDT,DEMO,SELL,76863.94,1779189141,1538.3,0.02001326,AUTO STOP LOSS -1.71%
ETHUSDT,DEMO,BUY,2203.9,1779189141,1538.3,0.69798993,AUTO ENTRY via dip_recovery
BTCUSDT,DEMO,BUY,78141.5,1779189143,1302.48,0.01666822,AUTO ENTRY via dip_recovery
BTCUSDT,DEMO,BUY,79628.0,1779189152,26.053290562060003,0.00032719,AUTO ENTRY (score:75)
ETHUSDT,DEMO,SELL,2171.11,1779189152,26.04,0.01199205,AUTO TAKE PROFIT +1.54%
ETHUSDT,DEMO,BUY,2225.19,1779189174,938.41,0.42172129,SMART AUTO ENTRY
ETHUSDT,DEMO,SELL,2162.6,1779189201,1509.47,0.69798993,AUTO STOP LOSS -1.14%
SOLUSDT,DEMO,BUY,86.26,1779189201,1509.47,17.49907257,AUTO ENTRY via dip_recovery
BTCUSDT,DEMO,SELL,78645.6,1779189212,25.73,0.00032719,TRAILING STOP LOSS -1.93%
ETHUSDT,DEMO,SELL,2241.73,1779189234,945.39,0.42172129,SMART STOP LOSS -0.35%
SOLUSDT,DEMO,SELL,84.8,1779189261,1483.92,17.49907257,AUTO STOP LOSS -1.62%
BTCUSDT,DEMO,SELL,76874.75,1779189263,1281.37,0.01666822,AUTO TAKE PROFIT +1.07%
ETHUSDT,DEMO,BUY,2218.16,1779189263,1281.37,0.57767249,AUTO ENTRY via dip_recovery
BTCUSDT,DEMO,BUY,77824.49,1779189321,1483.92,0.01906752,AUTO ENTRY via dip_recovery
ETHUSDT,DEMO,SELL,2189.69,1779189323,1264.92,0.57767249,AUTO STOP LOSS -2.17%
BTCUSDT,DEMO,SELL,77840.91,1779189381,1484.23,0.01906752,AUTO STOP LOSS -1.02%
SOLUSDT,DEMO,BUY,86.68,1779189381,1484.23,17.12309645,AUTO ENTRY via dip_recovery
BTCUSDT,DEMO,BUY,77952.98,1779189383,1264.92,0.0162267,AUTO ENTRY via dip_recovery
SOLUSDT,DEMO,BUY,85.13,1779189392,26.043000000000003,0.30592036,AUTO ENTRY (score:70)
SOLUSDT,DEMO,SELL,85.13,1779189441,1457.69,17.12309645,AUTO STOP LOSS -1.62%
BTCUSDT,DEMO,SELL,79722.04,1779189443,1293.63,0.0162267,AUTO TAKE PROFIT +1.57%
ETHUSDT,DEMO,BUY,2203.06,1779189443,1293.63,0.5871969,AUTO ENTRY via dip_recovery
ETHUSDT,DEMO,BUY,2166.88,1779189452,26.045813288175996,0.01201996,AUTO ENTRY (score:75)
SOLUSDT,DEMO,SELL,84.73,1779189452,25.92,0.30592036,AUTO TAKE PROFIT +0.96%
SOLUSDT,DEMO,BUY,85.41,1779189474,945.39,11.0688444,SMART AUTO ENTRY
BTCUSDT,DEMO,BUY,78607.75,1779189501,1457.69,0.01854385,AUTO ENTRY via dip_recovery
ETHUSDT,DEMO,SELL,2190.99,1779189512,26.34,0.01201996,AUTO TAKE PROFIT +2.97%
SOLUSDT,DEMO,SELL,87.0,1779189534,962.99,11.0688444,SMART TAKE PROFIT +0.5%
BTCUSDT,DEMO,SELL,77319.73,1779189561,1433.81,0.01854385,AUTO STOP LOSS -1.61%
ETHUSDT,DEMO,BUY,2220.96,1779189561,1433.81,0.64558119,AUTO ENTRY via dip_recovery
ETHUSDT,DEMO,SELL,2210.0,1779189563,1297.71,0.5871969,AUTO TAKE PROFIT +1.14%
SOLUSDT,DEMO,BUY,86.16,1779189563,1297.71,15.06162953,AUTO ENTRY via dip_recovery
BTCUSDT,DEMO,BUY,79864.74,1779189594,962.99,0.01205776,SMART AUTO ENTRY
ETHUSDT,DEMO,SELL,2206.32,1779189621,1424.36,0.64558119,AUTO TAKE PROFIT +0.53%
SOLUSDT,DEMO,BUY,86.95,1779189621,1424.36,16.3813686,AUTO ENTRY via dip_recovery
SOLUSDT,DEMO,SELL,86.13,1779189623,1297.26,15.06162953,AUTO STOP LOSS -0.52%
BTCUSDT,DEMO,SELL,79421.22,1779189654,957.64,0.01205776,SMART STOP LOSS -0.35%
SOLUSDT,DEMO,SELL,84.67,1779189681,1387.01,16.3813686,AUTO STOP LOSS -1.47%
ETHUSDT,DEMO,BUY,2177.36,1779189683,1297.26,0.59579491,AUTO ENTRY via dip_recovery
ETHUSDT,DEMO,BUY,2230.33,1779189692,26.0464,0.01167827,AUTO ENTRY (score:90)
BTCUSDT,DEMO,BUY,77205.24,1779189741,1387.01,0.01796523,AUTO ENTRY via dip_recovery
ETHUSDT,DEMO,SELL,2209.06,1779189743,1316.15,0.59579491,AUTO TAKE PROFIT +0.81%
ETHUSDT,DEMO,SELL,2199.77,1779189753,25.69,0.01167827,TRAILING STOP LOSS -1.92%
SOLUSDT,DEMO,BUY,85.54,1779189753,26.0392,0.30440963,AUTO ENTRY (score:75)
BTCUSDT,DEMO,SELL,77347.81,1779189801,1389.57,0.01796523,AUTO TAKE PROFIT +2.29%
SOLUSDT,DEMO,BUY,84.51,1779189801,1389.57,16.44266951,AUTO ENTRY via dip_recovery
ETHUSDT,DEMO,BUY,2212.01,1779189803,1316.15,0.59500183,AUTO ENTRY via dip_recovery
SOLUSDT,DEMO,SELL,84.81,1779189813,25.82,0.30440963,AUTO TAKE PROFIT +0.34%
SOLUSDT,DEMO,SELL,86.47,1779189861,1421.8,16.44266951,AUTO TAKE PROFIT +2.96%
ETHUSDT,DEMO,SELL,2191.14,1779189863,1303.73,0.59500183,AUTO STOP LOSS -1.80%
SOLUSDT,DEMO,BUY,85.43,1779189863,1303.73,15.26079831,AUTO ENTRY via dip_recovery
BTCUSDT,DEMO,BUY,77733.41,1779189873,26.0348,0.00033492,AUTO ENTRY (score:75)
BTCUSDT,DEMO,BUY,79804.29,1779189921,1421.8,0.01781608,AUTO ENTRY via dip_recovery
BTCUSDT,DEMO,SELL,79872.43,1779189933,26.75,0.00033492,TRAILING STOP LOSS -0.38%
ETHUSDT,DEMO,BUY,2219.45,1779189933,26.0492,0.01173678,AUTO ENTRY (score:75)
BTCUSDT,DEMO,SELL,77432.32,1779189981,1379.54,0.01781608,AUTO STOP LOSS -2.71%
ETHUSDT,DEMO,BUY,2236.38,1779189981,1379.54,0.61686297,AUTO ENTRY via dip_recovery
SOLUSDT,DEMO,SELL,84.97,1779189983,1296.71,15.26079831,AUTO STOP LOSS -0.41%
ETHUSDT,DEMO,SELL,2181.98,1779189993,25.61,0.01173678,TRAILING STOP LOSS -2.75%
ETHUSDT,DEMO,SELL,2172.92,1779190041,1340.39,0.61686297,AUTO STOP LOSS -0.32%
SOLUSDT,DEMO,BUY,85.97,1779190041,1340.39,15.59136908,AUTO ENTRY via dip_recovery
BTCUSDT,DEMO,BUY,77050.54,1779190043,1296.71,0.01682934,AUTO ENTRY via dip_recovery
SOLUSDT,DEMO,SELL,85.83,1779190101,1338.21,15.59136908,AUTO TAKE PROFIT +0.55%
BTCUSDT,DEMO,SELL,77959.27,1779190103,1312.0,0.01682934,AUTO TAKE PROFIT +0.80%
SOLUSDT,DEMO,BUY,87.64,1779190103,1312.0,14.97033318,AUTO ENTRY via dip_recovery
SOLUSDT,DEMO,BUY,85.99,1779190135,957.64,11.1366438,SMART AUTO ENTRY
ETHUSDT,DEMO,BUY,2170.67,1779190161,1338.21,0.61649629,AUTO ENTRY via dip_recovery
SOLUSDT,DEMO,SELL,85.23,1779190163,1275.92,14.97033318,AUTO STOP LOSS -3.53%
ETHUSDT,DEMO,BUY,2204.82,1779190173,26.040399999999998,0.01181067,AUTO ENTRY (score:70)
SOLUSDT,DEMO,BUY,86.69,1779190173,26.04440712145,0.3004315,AUTO ENTRY (score:70)
ETHUSDT,DEMO,SELL,2226.08,1779190222,1372.37,0.61649629,AUTO TAKE PROFIT +0.53%
SOLUSDT,DEMO,BUY,87.49,1779190222,1372.37,15.68602126,AUTO ENTRY via dip_recovery
BTCUSDT,DEMO,BUY,78816.65,1779190224,1275.92,0.01618846,AUTO ENTRY via dip_recovery
ETHUSDT,DEMO,SELL,2169.17,1779190233,25.62,0.01181067,TRAILING STOP LOSS -0.88%
SOLUSDT,DEMO,SELL,84.46,1779190255,940.6,11.1366438,SMART STOP LOSS -0.35%
SOLUSDT,DEMO,SELL,84.96,1779190282,1332.68,15.68602126,AUTO STOP LOSS -1.01%
BTCUSDT,DEMO,SELL,79615.14,1779190284,1288.85,0.01618846,AUTO STOP LOSS -1.25%
ETHUSDT,DEMO,BUY,2240.4,1779190284,1288.85,0.57527674,AUTO ENTRY via dip_recovery
ETHUSDT,DEMO,BUY,2238.66,1779190342,1332.68,0.59530255,AUTO ENTRY via dip_recovery
ETHUSDT,DEMO,SELL,2220.89,1779190344,1277.63,0.57527674,AUTO STOP LOSS -1.74%
SOLUSDT,DEMO,BUY,87.45,1779190375,940.6,10.75586049,SMART AUTO ENTRY
ETHUSDT,DEMO,SELL,2221.9,1779190402,1322.7,0.59530255,AUTO STOP LOSS -1.51%
SOLUSDT,DEMO,BUY,87.04,1779190402,1322.7,15.1964614,AUTO ENTRY via dip_recovery
ETHUSDT,DEMO,BUY,2241.62,1779190404,1277.63,0.56995833,AUTO ENTRY via dip_recovery
SOLUSDT,DEMO,SELL,87.23,1779190435,938.23,10.75586049,SMART STOP LOSS -0.35%
SOLUSDT,DEMO,SELL,85.05,1779190462,1292.46,15.1964614,AUTO STOP LOSS -0.39%
ETHUSDT,DEMO,SELL,2189.13,1779190464,1247.71,0.56995833,AUTO STOP LOSS -0.91%
SOLUSDT,DEMO,BUY,84.3,1779190464,1247.71,14.80083037,AUTO ENTRY via dip_recovery
BTCUSDT,DEMO,BUY,77841.7,1779190522,1292.46,0.0166037,AUTO ENTRY via ema_cross_uptrend
SOLUSDT,DEMO,SELL,86.67,1779190524,1282.79,14.80083037,AUTO TAKE PROFIT +3.07%
BTCUSDT,DEMO,SELL,78696.67,1779190582,1306.66,0.0166037,AUTO TAKE PROFIT +0.66%
ETHUSDT,DEMO,BUY,2232.06,1779190582,1306.66,0.58540541,AUTO ENTRY via dip_recovery
BTCUSDT,DEMO,BUY,77026.75,1779190584,1282.79,0.01665382,AUTO ENTRY via dip_recovery
ETHUSDT,DEMO,SELL,2161.84,1779190642,1265.55,0.58540541,AUTO STOP LOSS -3.18%
SOLUSDT,DEMO,BUY,87.22,1779190642,1265.55,14.50986012,AUTO ENTRY via dip_recovery
BTCUSDT,DEMO,SELL,77254.07,1779190644,1286.58,0.01665382,AUTO TAKE PROFIT +2.78%
ETHUSDT,DEMO,BUY,2184.52,1779190644,1286.58,0.58895318,AUTO ENTRY via dip_recovery
SOLUSDT,DEMO,SELL,84.34,1779190702,1223.76,14.50986012,AUTO STOP LOSS -0.77%
ETHUSDT,DEMO,SELL,2174.75,1779190704,1280.83,0.58895318,AUTO STOP LOSS -0.53%
SOLUSDT,DEMO,BUY,84.83,1779190704,1280.83,15.09878581,AUTO ENTRY via dip_recovery
BTCUSDT,DEMO,BUY,79039.06,1779190762,1223.76,0.01548298,AUTO ENTRY via dip_recovery
SOLUSDT,DEMO,SELL,84.65,1779190764,1278.11,15.09878581,AUTO TAKE PROFIT +2.40%
BTCUSDT,DEMO,SELL,76978.77,1779190822,1191.86,0.01548298,AUTO STOP LOSS -2.49%
SOLUSDT,DEMO,BUY,85.77,1779190822,1191.86,13.89600093,AUTO ENTRY via dip_recovery
BTCUSDT,DEMO,BUY,79920.77,1779190824,1278.11,0.01599221,AUTO ENTRY via dip_recovery
ETHUSDT,DEMO,BUY,2174.35,1779190855,938.23,0.43149907,SMART AUTO ENTRY
SOLUSDT,DEMO,SELL,87.41,1779190882,1214.65,13.89600093,AUTO STOP LOSS -1.45%
BTCUSDT,DEMO,SELL,79208.24,1779190884,1266.71,0.01599221,AUTO STOP LOSS -2.50%
SOLUSDT,DEMO,BUY,86.25,1779190884,1266.71,14.68649275,AUTO ENTRY via dip_recovery
ETHUSDT,DEMO,SELL,2165.68,1779190915,934.49,0.43149907,SMART STOP LOSS -0.35%
BTCUSDT,DEMO,BUY,79117.81,1779190942,1214.65,0.01535242,AUTO ENTRY via dip_recovery
SOLUSDT,DEMO,SELL,84.32,1779190944,1238.37,14.68649275,AUTO TAKE PROFIT +0.85%
BTCUSDT,DEMO,SELL,79139.08,1779191002,1214.98,0.01535242,AUTO TAKE PROFIT +0.85%
ETHUSDT,DEMO,BUY,2181.48,1779191002,1214.98,0.55695216,AUTO ENTRY via dip_recovery
BTCUSDT,DEMO,BUY,78047.53,1779191004,1238.37,0.01586687,AUTO ENTRY via dip_recovery
ETHUSDT,DEMO,SELL,2242.45,1779191062,1248.94,0.55695216,AUTO TAKE PROFIT +2.23%
SOLUSDT,DEMO,BUY,85.0,1779191062,1248.94,14.69341176,AUTO ENTRY via dip_recovery
BTCUSDT,DEMO,SELL,77403.32,1779191064,1228.15,0.01586687,AUTO TAKE PROFIT +0.88%
ETHUSDT,DEMO,BUY,2196.38,1779191064,1228.15,0.55917009,AUTO ENTRY via dip_recovery
BTCUSDT,DEMO,BUY,78501.75,1779191096,934.49,0.01190407,SMART AUTO ENTRY
SOLUSDT,DEMO,SELL,87.2,1779191122,1281.27,14.69341176,AUTO STOP LOSS -0.46%
ETHUSDT,DEMO,SELL,2216.45,1779191124,1239.37,0.55917009,AUTO STOP LOSS -1.54%
SOLUSDT,DEMO,BUY,84.73,1779191124,1239.37,14.62728668,AUTO ENTRY via dip_recovery
BTCUSDT,DEMO,SELL,79540.81,1779191156,946.86,0.01190407,SMART TAKE PROFIT +0.5%
BTCUSDT,DEMO,BUY,77294.96,1779191182,1281.27,0.01657637,AUTO ENTRY via dip_recovery
SOLUSDT,DEMO,SELL,87.54,1779191184,1280.47,14.62728668,AUTO TAKE PROFIT +2.11%
BTCUSDT,DEMO,BUY,77525.84,1779191216,946.86,0.01221348,SMART AUTO ENTRY
BTCUSDT,DEMO,SELL,78657.64,1779191243,1303.86,0.01657637,AUTO TAKE PROFIT +1.52%
SOLUSDT,DEMO,BUY,84.58,1779191243,1303.86,15.41570111,AUTO ENTRY via dip_recovery
ETHUSDT,DEMO,BUY,2189.7,1779191244,1280.47,0.5847696,AUTO ENTRY via dip_recovery
BTCUSDT,DEMO,SELL,77126.98,1779191276,941.99,0.01221348,SMART TAKE PROFIT +0.5%
SOLUSDT,DEMO,SELL,85.81,1779191303,1322.82,15.41570111,AUTO TAKE PROFIT +3.28%
ETHUSDT,DEMO,SELL,2179.79,1779191304,1274.67,0.5847696,AUTO TAKE PROFIT +0.50%
BTCUSDT,DEMO,BUY,78244.74,1779191363,1322.82,0.01690618,AUTO ENTRY via dip_recovery
BTCUSDT,DEMO,BUY,79257.66,1779191364,1274.67,0.01608261,AUTO ENTRY via dip_recovery
BTCUSDT,DEMO,SELL,79040.79,1779191424,1271.18,0.01608261,AUTO STOP LOSS -2.74%
ETHUSDT,DEMO,BUY,2207.22,1779191424,1271.18,0.57591903,AUTO ENTRY via dip_recovery
BTCUSDT,DEMO,SELL,78799.02,1779191483,1332.19,0.01690618,AUTO TAKE PROFIT +0.71%
SOLUSDT,DEMO,BUY,86.75,1779191483,1332.19,15.35665706,AUTO ENTRY via dip_recovery
ETHUSDT,DEMO,SELL,2191.46,1779191484,1262.1,0.57591903,AUTO STOP LOSS -0.71%
SOLUSDT,DEMO,BUY,84.36,1779191484,1262.1,14.96088193,AUTO ENTRY via ema_cross_uptrend
SOLUSDT,DEMO,SELL,86.53,1779191544,1294.57,14.96088193,AUTO TAKE PROFIT +3.12%
SOLUSDT,DEMO,SELL,84.77,1779191603,1301.78,15.35665706,AUTO STOP LOSS -0.92%
BTCUSDT,DEMO,BUY,77209.3,1779191604,1294.57,0.01676702,AUTO ENTRY via dip_recovery
BTCUSDT,DEMO,BUY,77991.5,1779191663,1301.78,0.01669131,AUTO ENTRY via dip_recovery
BTCUSDT,DEMO,SELL,77187.52,1779191664,1294.2,0.01676702,AUTO TAKE PROFIT +2.52%
ETHUSDT,DEMO,BUY,2225.42,1779191664,1294.2,0.58155315,AUTO ENTRY via ema_cross_uptrend
BTCUSDT,DEMO,SELL,77082.4,1779191723,1286.61,0.01669131,AUTO STOP LOSS -0.55%
ETHUSDT,DEMO,BUY,2163.82,1779191723,1286.61,0.59460121,AUTO ENTRY via ema_cross_uptrend
ETHUSDT,DEMO,SELL,2213.27,1779191724,1287.13,0.58155315,AUTO STOP LOSS -0.76%
SOLUSDT,DEMO,BUY,87.39,1779191724,1287.13,14.72857306,AUTO ENTRY via dip_recovery
ETHUSDT,DEMO,SELL,2201.86,1779191783,1309.23,0.59460121,AUTO TAKE PROFIT +0.95%
SOLUSDT,DEMO,SELL,85.35,1779191784,1257.08,14.72857306,AUTO STOP LOSS -0.69%
BTCUSDT,DEMO,BUY,79545.3,1779191816,941.99,0.01184218,SMART AUTO ENTRY
ETHUSDT,DEMO,BUY,2222.95,1779191843,1309.23,0.58896062,AUTO ENTRY via dip_recovery
BTCUSDT,DEMO,BUY,79144.05,1779191844,1257.08,0.01588344,AUTO ENTRY via dip_recovery
BTCUSDT,DEMO,SELL,77252.87,1779191876,914.84,0.01184218,SMART STOP LOSS -0.35%
ETHUSDT,DEMO,SELL,2189.8,1779191903,1289.71,0.58896062,AUTO STOP LOSS -0.78%
SOLUSDT,DEMO,BUY,86.72,1779191903,1289.71,14.87211716,AUTO ENTRY via dip_recovery
BTCUSDT,DEMO,BUY,79217.97,1779191936,914.84,0.01154839,SMART AUTO ENTRY
SOLUSDT,DEMO,SELL,86.13,1779191963,1280.94,14.87211716,AUTO TAKE PROFIT +1.14%
BTCUSDT,DEMO,SELL,79820.58,1779191965,1267.83,0.01588344,AUTO STOP LOSS -2.80%
ETHUSDT,DEMO,BUY,2201.48,1779191965,1267.83,0.57589894,AUTO ENTRY via dip_recovery
BTCUSDT,DEMO,BUY,77015.02,1779192023,1280.94,0.01663234,AUTO ENTRY via dip_recovery
BTCUSDT,DEMO,SELL,77165.86,1779192056,891.14,0.01154839,SMART STOP LOSS -0.35%
BTCUSDT,DEMO,SELL,78254.96,1779192083,1301.56,0.01663234,AUTO TAKE PROFIT +2.39%
ETHUSDT,DEMO,BUY,2160.2,1779192083,1301.56,0.60251829,AUTO ENTRY via dip_recovery
SOLUSDT,DEMO,BUY,86.36,1779192117,891.14,10.31889764,SMART AUTO ENTRY
ETHUSDT,DEMO,SELL,2239.19,1779192143,1349.15,0.60251829,AUTO TAKE PROFIT +0.99%
SOLUSDT,DEMO,SELL,85.2,1779192177,879.17,10.31889764,SMART STOP LOSS -0.35%
ETHUSDT,DEMO,BUY,2219.29,1779192203,1349.15,0.60791965,AUTO ENTRY via dip_recovery
ETHUSDT,DEMO,SELL,2212.42,1779192205,1274.13,0.57589894,AUTO TAKE PROFIT +0.66%
SOLUSDT,DEMO,BUY,84.83,1779192205,1274.13,15.01980431,AUTO ENTRY via ema_cross_uptrend
ETHUSDT,DEMO,SELL,2164.85,1779192263,1316.05,0.60791965,AUTO STOP LOSS -1.22%
SOLUSDT,DEMO,BUY,85.67,1779192263,1316.05,15.36185362,AUTO ENTRY via dip_recovery
SOLUSDT,DEMO,SELL,85.11,1779192265,1278.34,15.01980431,AUTO TAKE PROFIT +0.97%
ETHUSDT,DEMO,BUY,2198.72,1779192297,879.17,0.39985537,SMART AUTO ENTRY
SOLUSDT,DEMO,SELL,86.19,1779192323,1324.04,15.36185362,AUTO TAKE PROFIT +2.18%
BTCUSDT,DEMO,BUY,77352.88,1779192325,1278.34,0.01652608,AUTO ENTRY via dip_recovery
ETHUSDT,DEMO,SELL,2198.97,1779192357,879.27,0.39985537,SMART STOP LOSS -0.35%
BTCUSDT,DEMO,BUY,77501.59,1779192383,1324.04,0.01708404,AUTO ENTRY via ema_cross_uptrend
BTCUSDT,DEMO,SELL,78331.14,1779192385,1294.51,0.01652608,AUTO TAKE PROFIT +2.61%
ETHUSDT,DEMO,BUY,2170.23,1779192385,1294.51,0.59648517,AUTO ENTRY via dip_recovery
SOLUSDT,DEMO,BUY,84.36,1779192417,879.27,10.42283073,SMART AUTO ENTRY
BTCUSDT,DEMO,SELL,79517.44,1779192443,1358.48,0.01708404,AUTO TAKE PROFIT +2.59%
ETHUSDT,DEMO,BUY,2171.24,1779192443,1358.48,0.62567012,AUTO ENTRY via dip_recovery
ETHUSDT,DEMO,SELL,2196.1,1779192445,1309.94,0.59648517,AUTO TAKE PROFIT +2.21%
SOLUSDT,DEMO,SELL,86.73,1779192477,903.97,10.42283073,SMART TAKE PROFIT +0.5%
ETHUSDT,DEMO,SELL,2222.33,1779192503,1390.45,0.62567012,AUTO STOP LOSS -0.34%
SOLUSDT,DEMO,BUY,85.96,1779192503,1390.45,16.17554677,AUTO ENTRY via dip_recovery
BTCUSDT,DEMO,BUY,79521.57,1779192505,1309.94,0.01647276,AUTO ENTRY via dip_recovery
SOLUSDT,DEMO,SELL,86.58,1779192564,1400.48,16.17554677,AUTO STOP LOSS -1.09%
BTCUSDT,DEMO,SELL,78983.92,1779192565,1301.08,0.01647276,AUTO STOP LOSS -1.14%
BTCUSDT,DEMO,BUY,77202.63,1779192625,1301.08,0.01685279,AUTO ENTRY via dip_recovery
BTCUSDT,DEMO,SELL,77428.03,1779192685,1304.88,0.01685279,AUTO TAKE PROFIT +1.85%
ETHUSDT,DEMO,BUY,2227.04,1779192685,1304.88,0.58592571,AUTO ENTRY via dip_recovery
BTCUSDT,DEMO,BUY,77336.23,1779192744,1400.48,0.01810898,AUTO ENTRY via ema_cross_uptrend
ETHUSDT,DEMO,SELL,2172.96,1779192745,1273.19,0.58592571,AUTO STOP LOSS -2.09%
BTCUSDT,DEMO,SELL,77118.13,1779192804,1396.53,0.01810898,AUTO TAKE PROFIT +0.81%
ETHUSDT,DEMO,BUY,2219.22,1779192804,1396.53,0.62928867,AUTO ENTRY via ema_cross_uptrend
BTCUSDT,DEMO,BUY,76853.34,1779192805,1273.19,0.01656649,AUTO ENTRY via dip_recovery
ETHUSDT,DEMO,SELL,2215.68,1779192864,1394.3,0.62928867,AUTO STOP LOSS -2.63%
BTCUSDT,DEMO,SELL,77494.79,1779192865,1283.82,0.01656649,AUTO TAKE PROFIT +3.40%
BTCUSDT,DEMO,BUY,78979.41,1779192924,1394.3,0.01765397,AUTO ENTRY via dip_recovery
BTCUSDT,DEMO,BUY,77243.88,1779192925,1283.82,0.01662035,AUTO ENTRY via dip_recovery
BTCUSDT,DEMO,SELL,79342.32,1779192984,1400.71,0.01765397,AUTO STOP LOSS -1.56%
ETHUSDT,DEMO,BUY,2238.13,1779192984,1400.71,0.62583943,AUTO ENTRY via dip_recovery
BTCUSDT,DEMO,SELL,77443.07,1779192985,1287.13,0.01662035,AUTO TAKE PROFIT +3.07%
ETHUSDT,DEMO,BUY,2202.63,1779192985,1287.13,0.58436051,AUTO ENTRY via dip_recovery
ETHUSDT,DEMO,SELL,2200.58,1779193044,1377.21,0.62583943,AUTO STOP LOSS -1.30%
SOLUSDT,DEMO,BUY,87.18,1779193044,1377.21,15.7973159,AUTO ENTRY via dip_recovery
ETHUSDT,DEMO,SELL,2187.76,1779193045,1278.44,0.58436051,AUTO STOP LOSS -1.61%
SOLUSDT,DEMO,BUY,87.32,1779193045,1278.44,14.6408612,AUTO ENTRY via ema_cross_uptrend
SOLUSDT,DEMO,SELL,85.46,1779193104,1350.04,15.7973159,AUTO STOP LOSS -2.02%
BTCUSDT,DEMO,BUY,78200.5,1779193164,1350.04,0.01726383,AUTO ENTRY via dip_recovery
SOLUSDT,DEMO,SELL,85.22,1779193165,1247.69,14.6408612,AUTO STOP LOSS -1.03%
BTCUSDT,DEMO,SELL,79886.1,1779193224,1379.14,0.01726383,AUTO TAKE PROFIT +1.38%
SOLUSDT,DEMO,BUY,87.17,1779193224,1379.14,15.82126879,AUTO ENTRY via dip_recovery
BTCUSDT,DEMO,BUY,79426.34,1779193225,1247.69,0.01570877,AUTO ENTRY via dip_recovery
ETHUSDT,DEMO,BUY,2176.98,1779193257,903.97,0.41524038,SMART AUTO ENTRY
SOLUSDT,DEMO,SELL,85.85,1779193284,1358.26,15.82126879,AUTO STOP LOSS -2.04%
ETHUSDT,DEMO,SELL,2173.91,1779193317,902.7,0.41524038,SMART TAKE PROFIT +0.5%
ETHUSDT,DEMO,BUY,2221.53,1779193344,1358.26,0.61140745,AUTO ENTRY via dip_recovery
BTCUSDT,DEMO,SELL,77040.75,1779193345,1210.22,0.01570877,AUTO TAKE PROFIT +0.54%
ETHUSDT,DEMO,BUY,2215.6,1779193345,1210.22,0.54622676,AUTO ENTRY via dip_recovery
ETHUSDT,DEMO,SELL,2203.24,1779193404,1347.08,0.61140745,AUTO STOP LOSS -2.67%
SOLUSDT,DEMO,BUY,85.16,1779193404,1347.08,15.81822452,AUTO ENTRY via dip_recovery
SOLUSDT,DEMO,SELL,86.84,1779193464,1373.65,15.81822452,AUTO STOP LOSS -0.75%
ETHUSDT,DEMO,SELL,2211.53,1779193465,1208.0,0.54622676,AUTO STOP LOSS -2.67%
SOLUSDT,DEMO,BUY,86.43,1779193465,1208.0,13.97662849,AUTO ENTRY via dip_recovery
BTCUSDT,DEMO,BUY,79924.72,1779193524,1373.65,0.0171868,AUTO ENTRY via dip_recovery
BTCUSDT,DEMO,SELL,78265.83,1779193584,1345.14,0.0171868,AUTO STOP LOSS -1.89%
ETHUSDT,DEMO,BUY,2173.42,1779193584,1345.14,0.61890477,AUTO ENTRY via dip_recovery
SOLUSDT,DEMO,SELL,84.95,1779193586,1187.31,13.97662849,AUTO STOP LOSS -2.36%
ETHUSDT,DEMO,SELL,2242.57,1779193644,1387.94,0.61890477,AUTO TAKE PROFIT +1.26%
SOLUSDT,DEMO,BUY,87.44,1779193644,1387.94,15.87305581,AUTO ENTRY via ema_cross_uptrend
BTCUSDT,DEMO,BUY,79082.41,1779193646,1187.31,0.01501358,AUTO ENTRY via dip_recovery
BTCUSDT,DEMO,SELL,79125.68,1779193706,1187.96,0.01501358,AUTO TAKE PROFIT +0.84%
ETHUSDT,DEMO,BUY,2208.83,1779193706,1187.96,0.53782319,AUTO ENTRY via dip_recovery
SOLUSDT,DEMO,SELL,87.26,1779193764,1385.08,15.87305581,AUTO STOP LOSS -1.02%
ETHUSDT,DEMO,SELL,2219.45,1779193766,1193.67,0.53782319,AUTO STOP LOSS -1.17%
SOLUSDT,DEMO,BUY,84.81,1779193766,1193.67,14.07463742,AUTO ENTRY via dip_recovery
